dataset_kind,dose_id,dose_rank,input_strengths,feature_indices,source_run,condition,reward,safe_count,risky_count,other_count,comment_nonempty_count,total_responses,safe_percentage,risky_percentage,other_percentage,comment_nonempty_percentage,offer,accept_count,reject_count,accept_percentage,reject_percentage,sent_amount,tripled_amount,return_sum,valid_numeric_count,invalid_numeric_count,mean_return,mean_return_share_of_tripled
safe_risky,risk_03_01,1,"0.3,0.1","184,4237",runs/open_sae_dose_sweeps/full/safe_risky/risk_03_01,dose_risk_03_01,10.0,40.0,0.0,0.0,40,40,100.0,0.0,0.0,100.0,,,,,,,,,,,,
safe_risky,risk_03_01,1,"0.3,0.1","184,4237",runs/open_sae_dose_sweeps/full/safe_risky/risk_03_01,dose_risk_03_01,15.0,40.0,0.0,0.0,40,40,100.0,0.0,0.0,100.0,,,,,,,,,,,,
safe_risky,risk_03_01,1,"0.3,0.1","184,4237",runs/open_sae_dose_sweeps/full/safe_risky/risk_03_01,dose_risk_03_01,20.0,40.0,0.0,0.0,40,40,100.0,0.0,0.0,100.0,,,,,,,,,,,,
safe_risky,risk_03_01,1,"0.3,0.1","184,4237",runs/open_sae_dose_sweeps/full/safe_risky/risk_03_01,dose_risk_03_01,25.0,40.0,0.0,0.0,40,40,100.0,0.0,0.0,100.0,,,,,,,,,,,,
safe_risky,risk_03_01,1,"0.3,0.1","184,4237",runs/open_sae_dose_sweeps/full/safe_risky/risk_03_01,dose_risk_03_01,30.0,40.0,0.0,0.0,40,40,100.0,0.0,0.0,100.0,,,,,,,,,,,,
safe_risky,risk_03_01,1,"0.3,0.1","184,4237",runs/open_sae_dose_sweeps/full/safe_risky/risk_03_01,dose_risk_03_01,35.0,40.0,0.0,0.0,40,40,100.0,0.0,0.0,100.0,,,,,,,,,,,,
safe_risky,risk_03_01,1,"0.3,0.1","184,4237",runs/open_sae_dose_sweeps/full/safe_risky/risk_03_01,dose_risk_03_01,40.0,40.0,0.0,0.0,40,40,100.0,0.0,0.0,100.0,,,,,,,,,,,,
safe_risky,risk_03_01,1,"0.3,0.1","184,4237",runs/open_sae_dose_sweeps/full/safe_risky/risk_03_01,dose_risk_03_01,45.0,40.0,0.0,0.0,40,40,100.0,0.0,0.0,100.0,,,,,,,,,,,,
safe_risky,risk_03_01,1,"0.3,0.1","184,4237",runs/open_sae_dose_sweeps/full/safe_risky/risk_03_01,dose_risk_03_01,50.0,40.0,0.0,0.0,40,40,100.0,0.0,0.0,100.0,,,,,,,,,,,,
safe_risky,risk_03_01,1,"0.3,0.1","184,4237",runs/open_sae_dose_sweeps/full/safe_risky/risk_03_01,dose_risk_03_01,55.0,40.0,0.0,0.0,40,40,100.0,0.0,0.0,100.0,,,,,,,,,,,,
safe_risky,risk_03_01,1,"0.3,0.1","184,4237",runs/open_sae_dose_sweeps/full/safe_risky/risk_03_01,dose_risk_03_01,60.0,0.0,40.0,0.0,40,40,0.0,100.0,0.0,100.0,,,,,,,,,,,,
safe_risky,risk_03_01,1,"0.3,0.1","184,4237",runs/open_sae_dose_sweeps/full/safe_risky/risk_03_01,dose_risk_03_01,65.0,0.0,40.0,0.0,40,40,0.0,100.0,0.0,100.0,,,,,,,,,,,,
safe_risky,risk_03_01,1,"0.3,0.1","184,4237",runs/open_sae_dose_sweeps/full/safe_risky/risk_03_01,dose_risk_03_01,70.0,0.0,40.0,0.0,40,40,0.0,100.0,0.0,100.0,,,,,,,,,,,,
safe_risky,risk_03_01,1,"0.3,0.1","184,4237",runs/open_sae_dose_sweeps/full/safe_risky/risk_03_01,dose_risk_03_01,75.0,0.0,40.0,0.0,40,40,0.0,100.0,0.0,100.0,,,,,,,,,,,,
safe_risky,risk_03_01,1,"0.3,0.1","184,4237",runs/open_sae_dose_sweeps/full/safe_risky/risk_03_01,dose_risk_03_01,80.0,0.0,40.0,0.0,40,40,0.0,100.0,0.0,100.0,,,,,,,,,,,,
safe_risky,risk_03_01,1,"0.3,0.1","184,4237",runs/open_sae_dose_sweeps/full/safe_risky/risk_03_01,dose_risk_03_01,85.0,0.0,40.0,0.0,40,40,0.0,100.0,0.0,100.0,,,,,,,,,,,,
safe_risky,risk_03_01,1,"0.3,0.1","184,4237",runs/open_sae_dose_sweeps/full/safe_risky/risk_03_01,dose_risk_03_01,90.0,0.0,40.0,0.0,40,40,0.0,100.0,0.0,100.0,,,,,,,,,,,,
safe_risky,risk_03_01,1,"0.3,0.1","184,4237",runs/open_sae_dose_sweeps/full/safe_risky/risk_03_01,dose_risk_03_01,95.0,0.0,40.0,0.0,40,40,0.0,100.0,0.0,100.0,,,,,,,,,,,,
safe_risky,risk_03_01,1,"0.3,0.1","184,4237",runs/open_sae_dose_sweeps/full/safe_risky/risk_03_01,dose_risk_03_01,100.0,0.0,40.0,0.0,40,40,0.0,100.0,0.0,100.0,,,,,,,,,,,,
safe_risky,risk_03_01,1,"0.3,0.1","184,4237",runs/open_sae_dose_sweeps/full/safe_risky/risk_03_01,dose_risk_03_01,105.0,0.0,40.0,0.0,40,40,0.0,100.0,0.0,100.0,,,,,,,,,,,,
safe_risky,risk_03_01,1,"0.3,0.1","184,4237",runs/open_sae_dose_sweeps/full/safe_risky/risk_03_01,dose_risk_03_01,110.0,0.0,40.0,0.0,40,40,0.0,100.0,0.0,100.0,,,,,,,,,,,,
safe_risky,risk_03_01,1,"0.3,0.1","184,4237",runs/open_sae_dose_sweeps/full/safe_risky/risk_03_01,dose_risk_03_01,115.0,0.0,40.0,0.0,40,40,0.0,100.0,0.0,100.0,,,,,,,,,,,,
safe_risky,risk_03_01,1,"0.3,0.1","184,4237",runs/open_sae_dose_sweeps/full/safe_risky/risk_03_01,dose_risk_03_01,120.0,0.0,40.0,0.0,40,40,0.0,100.0,0.0,100.0,,,,,,,,,,,,
safe_risky,risk_03_01,1,"0.3,0.1","184,4237",runs/open_sae_dose_sweeps/full/safe_risky/risk_03_01,dose_risk_03_01,125.0,0.0,40.0,0.0,40,40,0.0,100.0,0.0,100.0,,,,,,,,,,,,
safe_risky,risk_03_01,1,"0.3,0.1","184,4237",runs/open_sae_dose_sweeps/full/safe_risky/risk_03_01,dose_risk_03_01,130.0,0.0,40.0,0.0,40,40,0.0,100.0,0.0,100.0,,,,,,,,,,,,
safe_risky,risk_03_01,1,"0.3,0.1","184,4237",runs/open_sae_dose_sweeps/full/safe_risky/risk_03_01,dose_risk_03_01,135.0,0.0,40.0,0.0,40,40,0.0,100.0,0.0,100.0,,,,,,,,,,,,
safe_risky,risk_03_01,1,"0.3,0.1","184,4237",runs/open_sae_dose_sweeps/full/safe_risky/risk_03_01,dose_risk_03_01,140.0,0.0,40.0,0.0,40,40,0.0,100.0,0.0,100.0,,,,,,,,,,,,
safe_risky,risk_03_01,1,"0.3,0.1","184,4237",runs/open_sae_dose_sweeps/full/safe_risky/risk_03_01,dose_risk_03_01,145.0,0.0,40.0,0.0,40,40,0.0,100.0,0.0,100.0,,,,,,,,,,,,
safe_risky,risk_03_01,1,"0.3,0.1","184,4237",runs/open_sae_dose_sweeps/full/safe_risky/risk_03_01,dose_risk_03_01,150.0,0.0,40.0,0.0,40,40,0.0,100.0,0.0,100.0,,,,,,,,,,,,
safe_risky,risk_03_01,1,"0.3,0.1","184,4237",runs/open_sae_dose_sweeps/full/safe_risky/risk_03_01,dose_risk_03_01,155.0,0.0,40.0,0.0,40,40,0.0,100.0,0.0,100.0,,,,,,,,,,,,
safe_risky,risk_03_01,1,"0.3,0.1","184,4237",runs/open_sae_dose_sweeps/full/safe_risky/risk_03_01,dose_risk_03_01,160.0,0.0,40.0,0.0,40,40,0.0,100.0,0.0,100.0,,,,,,,,,,,,
safe_risky,risk_03_01,1,"0.3,0.1","184,4237",runs/open_sae_dose_sweeps/full/safe_risky/risk_03_01,dose_risk_03_01,165.0,0.0,40.0,0.0,40,40,0.0,100.0,0.0,100.0,,,,,,,,,,,,
safe_risky,risk_03_01,1,"0.3,0.1","184,4237",runs/open_sae_dose_sweeps/full/safe_risky/risk_03_01,dose_risk_03_01,170.0,0.0,40.0,0.0,40,40,0.0,100.0,0.0,100.0,,,,,,,,,,,,
safe_risky,risk_03_01,1,"0.3,0.1","184,4237",runs/open_sae_dose_sweeps/full/safe_risky/risk_03_01,dose_risk_03_01,175.0,0.0,40.0,0.0,40,40,0.0,100.0,0.0,100.0,,,,,,,,,,,,
safe_risky,risk_03_01,1,"0.3,0.1","184,4237",runs/open_sae_dose_sweeps/full/safe_risky/risk_03_01,dose_risk_03_01,180.0,0.0,40.0,0.0,40,40,0.0,100.0,0.0,100.0,,,,,,,,,,,,
safe_risky,risk_04_02,2,"0.4,0.2","184,4237",runs/open_sae_dose_sweeps/full/safe_risky/risk_04_02,dose_risk_04_02,10.0,40.0,0.0,0.0,40,40,100.0,0.0,0.0,100.0,,,,,,,,,,,,
safe_risky,risk_04_02,2,"0.4,0.2","184,4237",runs/open_sae_dose_sweeps/full/safe_risky/risk_04_02,dose_risk_04_02,15.0,40.0,0.0,0.0,40,40,100.0,0.0,0.0,100.0,,,,,,,,,,,,
safe_risky,risk_04_02,2,"0.4,0.2","184,4237",runs/open_sae_dose_sweeps/full/safe_risky/risk_04_02,dose_risk_04_02,20.0,40.0,0.0,0.0,40,40,100.0,0.0,0.0,100.0,,,,,,,,,,,,
safe_risky,risk_04_02,2,"0.4,0.2","184,4237",runs/open_sae_dose_sweeps/full/safe_risky/risk_04_02,dose_risk_04_02,25.0,40.0,0.0,0.0,40,40,100.0,0.0,0.0,100.0,,,,,,,,,,,,
safe_risky,risk_04_02,2,"0.4,0.2","184,4237",runs/open_sae_dose_sweeps/full/safe_risky/risk_04_02,dose_risk_04_02,30.0,40.0,0.0,0.0,40,40,100.0,0.0,0.0,100.0,,,,,,,,,,,,
safe_risky,risk_04_02,2,"0.4,0.2","184,4237",runs/open_sae_dose_sweeps/full/safe_risky/risk_04_02,dose_risk_04_02,35.0,40.0,0.0,0.0,40,40,100.0,0.0,0.0,100.0,,,,,,,,,,,,
safe_risky,risk_04_02,2,"0.4,0.2","184,4237",runs/open_sae_dose_sweeps/full/safe_risky/risk_04_02,dose_risk_04_02,40.0,40.0,0.0,0.0,40,40,100.0,0.0,0.0,100.0,,,,,,,,,,,,
safe_risky,risk_04_02,2,"0.4,0.2","184,4237",runs/open_sae_dose_sweeps/full/safe_risky/risk_04_02,dose_risk_04_02,45.0,40.0,0.0,0.0,40,40,100.0,0.0,0.0,100.0,,,,,,,,,,,,
safe_risky,risk_04_02,2,"0.4,0.2","184,4237",runs/open_sae_dose_sweeps/full/safe_risky/risk_04_02,dose_risk_04_02,50.0,40.0,0.0,0.0,40,40,100.0,0.0,0.0,100.0,,,,,,,,,,,,
safe_risky,risk_04_02,2,"0.4,0.2","184,4237",runs/open_sae_dose_sweeps/full/safe_risky/risk_04_02,dose_risk_04_02,55.0,40.0,0.0,0.0,40,40,100.0,0.0,0.0,100.0,,,,,,,,,,,,
safe_risky,risk_04_02,2,"0.4,0.2","184,4237",runs/open_sae_dose_sweeps/full/safe_risky/risk_04_02,dose_risk_04_02,60.0,0.0,40.0,0.0,40,40,0.0,100.0,0.0,100.0,,,,,,,,,,,,
safe_risky,risk_04_02,2,"0.4,0.2","184,4237",runs/open_sae_dose_sweeps/full/safe_risky/risk_04_02,dose_risk_04_02,65.0,0.0,40.0,0.0,40,40,0.0,100.0,0.0,100.0,,,,,,,,,,,,
safe_risky,risk_04_02,2,"0.4,0.2","184,4237",runs/open_sae_dose_sweeps/full/safe_risky/risk_04_02,dose_risk_04_02,70.0,0.0,40.0,0.0,40,40,0.0,100.0,0.0,100.0,,,,,,,,,,,,
safe_risky,risk_04_02,2,"0.4,0.2","184,4237",runs/open_sae_dose_sweeps/full/safe_risky/risk_04_02,dose_risk_04_02,75.0,0.0,40.0,0.0,40,40,0.0,100.0,0.0,100.0,,,,,,,,,,,,
safe_risky,risk_04_02,2,"0.4,0.2","184,4237",runs/open_sae_dose_sweeps/full/safe_risky/risk_04_02,dose_risk_04_02,80.0,0.0,40.0,0.0,40,40,0.0,100.0,0.0,100.0,,,,,,,,,,,,
safe_risky,risk_04_02,2,"0.4,0.2","184,4237",runs/open_sae_dose_sweeps/full/safe_risky/risk_04_02,dose_risk_04_02,85.0,0.0,40.0,0.0,40,40,0.0,100.0,0.0,100.0,,,,,,,,,,,,
safe_risky,risk_04_02,2,"0.4,0.2","184,4237",runs/open_sae_dose_sweeps/full/safe_risky/risk_04_02,dose_risk_04_02,90.0,0.0,40.0,0.0,40,40,0.0,100.0,0.0,100.0,,,,,,,,,,,,
safe_risky,risk_04_02,2,"0.4,0.2","184,4237",runs/open_sae_dose_sweeps/full/safe_risky/risk_04_02,dose_risk_04_02,95.0,0.0,40.0,0.0,40,40,0.0,100.0,0.0,100.0,,,,,,,,,,,,
safe_risky,risk_04_02,2,"0.4,0.2","184,4237",runs/open_sae_dose_sweeps/full/safe_risky/risk_04_02,dose_risk_04_02,100.0,0.0,40.0,0.0,40,40,0.0,100.0,0.0,100.0,,,,,,,,,,,,
safe_risky,risk_04_02,2,"0.4,0.2","184,4237",runs/open_sae_dose_sweeps/full/safe_risky/risk_04_02,dose_risk_04_02,105.0,0.0,40.0,0.0,40,40,0.0,100.0,0.0,100.0,,,,,,,,,,,,
safe_risky,risk_04_02,2,"0.4,0.2","184,4237",runs/open_sae_dose_sweeps/full/safe_risky/risk_04_02,dose_risk_04_02,110.0,0.0,40.0,0.0,40,40,0.0,100.0,0.0,100.0,,,,,,,,,,,,
safe_risky,risk_04_02,2,"0.4,0.2","184,4237",runs/open_sae_dose_sweeps/full/safe_risky/risk_04_02,dose_risk_04_02,115.0,0.0,40.0,0.0,40,40,0.0,100.0,0.0,100.0,,,,,,,,,,,,
safe_risky,risk_04_02,2,"0.4,0.2","184,4237",runs/open_sae_dose_sweeps/full/safe_risky/risk_04_02,dose_risk_04_02,120.0,0.0,40.0,0.0,40,40,0.0,100.0,0.0,100.0,,,,,,,,,,,,
safe_risky,risk_04_02,2,"0.4,0.2","184,4237",runs/open_sae_dose_sweeps/full/safe_risky/risk_04_02,dose_risk_04_02,125.0,0.0,40.0,0.0,40,40,0.0,100.0,0.0,100.0,,,,,,,,,,,,
safe_risky,risk_04_02,2,"0.4,0.2","184,4237",runs/open_sae_dose_sweeps/full/safe_risky/risk_04_02,dose_risk_04_02,130.0,0.0,40.0,0.0,40,40,0.0,100.0,0.0,100.0,,,,,,,,,,,,
safe_risky,risk_04_02,2,"0.4,0.2","184,4237",runs/open_sae_dose_sweeps/full/safe_risky/risk_04_02,dose_risk_04_02,135.0,0.0,40.0,0.0,40,40,0.0,100.0,0.0,100.0,,,,,,,,,,,,
safe_risky,risk_04_02,2,"0.4,0.2","184,4237",runs/open_sae_dose_sweeps/full/safe_risky/risk_04_02,dose_risk_04_02,140.0,0.0,40.0,0.0,40,40,0.0,100.0,0.0,100.0,,,,,,,,,,,,
safe_risky,risk_04_02,2,"0.4,0.2","184,4237",runs/open_sae_dose_sweeps/full/safe_risky/risk_04_02,dose_risk_04_02,145.0,0.0,40.0,0.0,40,40,0.0,100.0,0.0,100.0,,,,,,,,,,,,
safe_risky,risk_04_02,2,"0.4,0.2","184,4237",runs/open_sae_dose_sweeps/full/safe_risky/risk_04_02,dose_risk_04_02,150.0,0.0,40.0,0.0,40,40,0.0,100.0,0.0,100.0,,,,,,,,,,,,
safe_risky,risk_04_02,2,"0.4,0.2","184,4237",runs/open_sae_dose_sweeps/full/safe_risky/risk_04_02,dose_risk_04_02,155.0,0.0,40.0,0.0,40,40,0.0,100.0,0.0,100.0,,,,,,,,,,,,
safe_risky,risk_04_02,2,"0.4,0.2","184,4237",runs/open_sae_dose_sweeps/full/safe_risky/risk_04_02,dose_risk_04_02,160.0,0.0,40.0,0.0,40,40,0.0,100.0,0.0,100.0,,,,,,,,,,,,
safe_risky,risk_04_02,2,"0.4,0.2","184,4237",runs/open_sae_dose_sweeps/full/safe_risky/risk_04_02,dose_risk_04_02,165.0,0.0,40.0,0.0,40,40,0.0,100.0,0.0,100.0,,,,,,,,,,,,
safe_risky,risk_04_02,2,"0.4,0.2","184,4237",runs/open_sae_dose_sweeps/full/safe_risky/risk_04_02,dose_risk_04_02,170.0,0.0,40.0,0.0,40,40,0.0,100.0,0.0,100.0,,,,,,,,,,,,
safe_risky,risk_04_02,2,"0.4,0.2","184,4237",runs/open_sae_dose_sweeps/full/safe_risky/risk_04_02,dose_risk_04_02,175.0,0.0,40.0,0.0,40,40,0.0,100.0,0.0,100.0,,,,,,,,,,,,
safe_risky,risk_04_02,2,"0.4,0.2","184,4237",runs/open_sae_dose_sweeps/full/safe_risky/risk_04_02,dose_risk_04_02,180.0,0.0,40.0,0.0,40,40,0.0,100.0,0.0,100.0,,,,,,,,,,,,
safe_risky,risk_05_03,3,"0.5,0.3","184,4237",runs/open_sae_dose_sweeps/full/safe_risky/risk_05_03,dose_risk_05_03,10.0,40.0,0.0,0.0,40,40,100.0,0.0,0.0,100.0,,,,,,,,,,,,
safe_risky,risk_05_03,3,"0.5,0.3","184,4237",runs/open_sae_dose_sweeps/full/safe_risky/risk_05_03,dose_risk_05_03,15.0,40.0,0.0,0.0,40,40,100.0,0.0,0.0,100.0,,,,,,,,,,,,
safe_risky,risk_05_03,3,"0.5,0.3","184,4237",runs/open_sae_dose_sweeps/full/safe_risky/risk_05_03,dose_risk_05_03,20.0,40.0,0.0,0.0,40,40,100.0,0.0,0.0,100.0,,,,,,,,,,,,
safe_risky,risk_05_03,3,"0.5,0.3","184,4237",runs/open_sae_dose_sweeps/full/safe_risky/risk_05_03,dose_risk_05_03,25.0,40.0,0.0,0.0,40,40,100.0,0.0,0.0,100.0,,,,,,,,,,,,
safe_risky,risk_05_03,3,"0.5,0.3","184,4237",runs/open_sae_dose_sweeps/full/safe_risky/risk_05_03,dose_risk_05_03,30.0,40.0,0.0,0.0,40,40,100.0,0.0,0.0,100.0,,,,,,,,,,,,
safe_risky,risk_05_03,3,"0.5,0.3","184,4237",runs/open_sae_dose_sweeps/full/safe_risky/risk_05_03,dose_risk_05_03,35.0,40.0,0.0,0.0,40,40,100.0,0.0,0.0,100.0,,,,,,,,,,,,
safe_risky,risk_05_03,3,"0.5,0.3","184,4237",runs/open_sae_dose_sweeps/full/safe_risky/risk_05_03,dose_risk_05_03,40.0,40.0,0.0,0.0,40,40,100.0,0.0,0.0,100.0,,,,,,,,,,,,
safe_risky,risk_05_03,3,"0.5,0.3","184,4237",runs/open_sae_dose_sweeps/full/safe_risky/risk_05_03,dose_risk_05_03,45.0,40.0,0.0,0.0,40,40,100.0,0.0,0.0,100.0,,,,,,,,,,,,
safe_risky,risk_05_03,3,"0.5,0.3","184,4237",runs/open_sae_dose_sweeps/full/safe_risky/risk_05_03,dose_risk_05_03,50.0,40.0,0.0,0.0,40,40,100.0,0.0,0.0,100.0,,,,,,,,,,,,
safe_risky,risk_05_03,3,"0.5,0.3","184,4237",runs/open_sae_dose_sweeps/full/safe_risky/risk_05_03,dose_risk_05_03,55.0,40.0,0.0,0.0,40,40,100.0,0.0,0.0,100.0,,,,,,,,,,,,
safe_risky,risk_05_03,3,"0.5,0.3","184,4237",runs/open_sae_dose_sweeps/full/safe_risky/risk_05_03,dose_risk_05_03,60.0,0.0,40.0,0.0,40,40,0.0,100.0,0.0,100.0,,,,,,,,,,,,
safe_risky,risk_05_03,3,"0.5,0.3","184,4237",runs/open_sae_dose_sweeps/full/safe_risky/risk_05_03,dose_risk_05_03,65.0,0.0,40.0,0.0,40,40,0.0,100.0,0.0,100.0,,,,,,,,,,,,
safe_risky,risk_05_03,3,"0.5,0.3","184,4237",runs/open_sae_dose_sweeps/full/safe_risky/risk_05_03,dose_risk_05_03,70.0,0.0,40.0,0.0,40,40,0.0,100.0,0.0,100.0,,,,,,,,,,,,
safe_risky,risk_05_03,3,"0.5,0.3","184,4237",runs/open_sae_dose_sweeps/full/safe_risky/risk_05_03,dose_risk_05_03,75.0,0.0,40.0,0.0,40,40,0.0,100.0,0.0,100.0,,,,,,,,,,,,
safe_risky,risk_05_03,3,"0.5,0.3","184,4237",runs/open_sae_dose_sweeps/full/safe_risky/risk_05_03,dose_risk_05_03,80.0,0.0,40.0,0.0,40,40,0.0,100.0,0.0,100.0,,,,,,,,,,,,
safe_risky,risk_05_03,3,"0.5,0.3","184,4237",runs/open_sae_dose_sweeps/full/safe_risky/risk_05_03,dose_risk_05_03,85.0,0.0,40.0,0.0,40,40,0.0,100.0,0.0,100.0,,,,,,,,,,,,
safe_risky,risk_05_03,3,"0.5,0.3","184,4237",runs/open_sae_dose_sweeps/full/safe_risky/risk_05_03,dose_risk_05_03,90.0,0.0,40.0,0.0,40,40,0.0,100.0,0.0,100.0,,,,,,,,,,,,
safe_risky,risk_05_03,3,"0.5,0.3","184,4237",runs/open_sae_dose_sweeps/full/safe_risky/risk_05_03,dose_risk_05_03,95.0,0.0,40.0,0.0,40,40,0.0,100.0,0.0,100.0,,,,,,,,,,,,
safe_risky,risk_05_03,3,"0.5,0.3","184,4237",runs/open_sae_dose_sweeps/full/safe_risky/risk_05_03,dose_risk_05_03,100.0,0.0,40.0,0.0,40,40,0.0,100.0,0.0,100.0,,,,,,,,,,,,
safe_risky,risk_05_03,3,"0.5,0.3","184,4237",runs/open_sae_dose_sweeps/full/safe_risky/risk_05_03,dose_risk_05_03,105.0,0.0,40.0,0.0,40,40,0.0,100.0,0.0,100.0,,,,,,,,,,,,
safe_risky,risk_05_03,3,"0.5,0.3","184,4237",runs/open_sae_dose_sweeps/full/safe_risky/risk_05_03,dose_risk_05_03,110.0,0.0,40.0,0.0,40,40,0.0,100.0,0.0,100.0,,,,,,,,,,,,
safe_risky,risk_05_03,3,"0.5,0.3","184,4237",runs/open_sae_dose_sweeps/full/safe_risky/risk_05_03,dose_risk_05_03,115.0,0.0,40.0,0.0,40,40,0.0,100.0,0.0,100.0,,,,,,,,,,,,
safe_risky,risk_05_03,3,"0.5,0.3","184,4237",runs/open_sae_dose_sweeps/full/safe_risky/risk_05_03,dose_risk_05_03,120.0,0.0,40.0,0.0,40,40,0.0,100.0,0.0,100.0,,,,,,,,,,,,
safe_risky,risk_05_03,3,"0.5,0.3","184,4237",runs/open_sae_dose_sweeps/full/safe_risky/risk_05_03,dose_risk_05_03,125.0,0.0,40.0,0.0,40,40,0.0,100.0,0.0,100.0,,,,,,,,,,,,
safe_risky,risk_05_03,3,"0.5,0.3","184,4237",runs/open_sae_dose_sweeps/full/safe_risky/risk_05_03,dose_risk_05_03,130.0,0.0,40.0,0.0,40,40,0.0,100.0,0.0,100.0,,,,,,,,,,,,
safe_risky,risk_05_03,3,"0.5,0.3","184,4237",runs/open_sae_dose_sweeps/full/safe_risky/risk_05_03,dose_risk_05_03,135.0,0.0,40.0,0.0,40,40,0.0,100.0,0.0,100.0,,,,,,,,,,,,
safe_risky,risk_05_03,3,"0.5,0.3","184,4237",runs/open_sae_dose_sweeps/full/safe_risky/risk_05_03,dose_risk_05_03,140.0,0.0,40.0,0.0,40,40,0.0,100.0,0.0,100.0,,,,,,,,,,,,
safe_risky,risk_05_03,3,"0.5,0.3","184,4237",runs/open_sae_dose_sweeps/full/safe_risky/risk_05_03,dose_risk_05_03,145.0,0.0,40.0,0.0,40,40,0.0,100.0,0.0,100.0,,,,,,,,,,,,
safe_risky,risk_05_03,3,"0.5,0.3","184,4237",runs/open_sae_dose_sweeps/full/safe_risky/risk_05_03,dose_risk_05_03,150.0,0.0,40.0,0.0,40,40,0.0,100.0,0.0,100.0,,,,,,,,,,,,
safe_risky,risk_05_03,3,"0.5,0.3","184,4237",runs/open_sae_dose_sweeps/full/safe_risky/risk_05_03,dose_risk_05_03,155.0,0.0,40.0,0.0,40,40,0.0,100.0,0.0,100.0,,,,,,,,,,,,
safe_risky,risk_05_03,3,"0.5,0.3","184,4237",runs/open_sae_dose_sweeps/full/safe_risky/risk_05_03,dose_risk_05_03,160.0,0.0,40.0,0.0,40,40,0.0,100.0,0.0,100.0,,,,,,,,,,,,
safe_risky,risk_05_03,3,"0.5,0.3","184,4237",runs/open_sae_dose_sweeps/full/safe_risky/risk_05_03,dose_risk_05_03,165.0,0.0,40.0,0.0,40,40,0.0,100.0,0.0,100.0,,,,,,,,,,,,
safe_risky,risk_05_03,3,"0.5,0.3","184,4237",runs/open_sae_dose_sweeps/full/safe_risky/risk_05_03,dose_risk_05_03,170.0,0.0,40.0,0.0,40,40,0.0,100.0,0.0,100.0,,,,,,,,,,,,
safe_risky,risk_05_03,3,"0.5,0.3","184,4237",runs/open_sae_dose_sweeps/full/safe_risky/risk_05_03,dose_risk_05_03,175.0,0.0,40.0,0.0,40,40,0.0,100.0,0.0,100.0,,,,,,,,,,,,
safe_risky,risk_05_03,3,"0.5,0.3","184,4237",runs/open_sae_dose_sweeps/full/safe_risky/risk_05_03,dose_risk_05_03,180.0,0.0,40.0,0.0,40,40,0.0,100.0,0.0,100.0,,,,,,,,,,,,
safe_risky,risk_06_04,4,"0.6,0.4","184,4237",runs/safe_risky_open_sae_steering_lite_full,lite_steering,10.0,40.0,0.0,0.0,40,40,100.0,0.0,0.0,100.0,,,,,,,,,,,,
safe_risky,risk_06_04,4,"0.6,0.4","184,4237",runs/safe_risky_open_sae_steering_lite_full,lite_steering,15.0,40.0,0.0,0.0,40,40,100.0,0.0,0.0,100.0,,,,,,,,,,,,
safe_risky,risk_06_04,4,"0.6,0.4","184,4237",runs/safe_risky_open_sae_steering_lite_full,lite_steering,20.0,40.0,0.0,0.0,40,40,100.0,0.0,0.0,100.0,,,,,,,,,,,,
safe_risky,risk_06_04,4,"0.6,0.4","184,4237",runs/safe_risky_open_sae_steering_lite_full,lite_steering,25.0,40.0,0.0,0.0,40,40,100.0,0.0,0.0,100.0,,,,,,,,,,,,
safe_risky,risk_06_04,4,"0.6,0.4","184,4237",runs/safe_risky_open_sae_steering_lite_full,lite_steering,30.0,40.0,0.0,0.0,40,40,100.0,0.0,0.0,100.0,,,,,,,,,,,,
safe_risky,risk_06_04,4,"0.6,0.4","184,4237",runs/safe_risky_open_sae_steering_lite_full,lite_steering,35.0,40.0,0.0,0.0,40,40,100.0,0.0,0.0,100.0,,,,,,,,,,,,
safe_risky,risk_06_04,4,"0.6,0.4","184,4237",runs/safe_risky_open_sae_steering_lite_full,lite_steering,40.0,40.0,0.0,0.0,40,40,100.0,0.0,0.0,100.0,,,,,,,,,,,,
safe_risky,risk_06_04,4,"0.6,0.4","184,4237",runs/safe_risky_open_sae_steering_lite_full,lite_steering,45.0,40.0,0.0,0.0,40,40,100.0,0.0,0.0,100.0,,,,,,,,,,,,
safe_risky,risk_06_04,4,"0.6,0.4","184,4237",runs/safe_risky_open_sae_steering_lite_full,lite_steering,50.0,40.0,0.0,0.0,40,40,100.0,0.0,0.0,100.0,,,,,,,,,,,,
safe_risky,risk_06_04,4,"0.6,0.4","184,4237",runs/safe_risky_open_sae_steering_lite_full,lite_steering,55.0,40.0,0.0,0.0,40,40,100.0,0.0,0.0,100.0,,,,,,,,,,,,
safe_risky,risk_06_04,4,"0.6,0.4","184,4237",runs/safe_risky_open_sae_steering_lite_full,lite_steering,60.0,0.0,40.0,0.0,40,40,0.0,100.0,0.0,100.0,,,,,,,,,,,,
safe_risky,risk_06_04,4,"0.6,0.4","184,4237",runs/safe_risky_open_sae_steering_lite_full,lite_steering,65.0,0.0,40.0,0.0,40,40,0.0,100.0,0.0,100.0,,,,,,,,,,,,
safe_risky,risk_06_04,4,"0.6,0.4","184,4237",runs/safe_risky_open_sae_steering_lite_full,lite_steering,70.0,0.0,40.0,0.0,40,40,0.0,100.0,0.0,100.0,,,,,,,,,,,,
safe_risky,risk_06_04,4,"0.6,0.4","184,4237",runs/safe_risky_open_sae_steering_lite_full,lite_steering,75.0,0.0,40.0,0.0,40,40,0.0,100.0,0.0,100.0,,,,,,,,,,,,
safe_risky,risk_06_04,4,"0.6,0.4","184,4237",runs/safe_risky_open_sae_steering_lite_full,lite_steering,80.0,0.0,40.0,0.0,40,40,0.0,100.0,0.0,100.0,,,,,,,,,,,,
safe_risky,risk_06_04,4,"0.6,0.4","184,4237",runs/safe_risky_open_sae_steering_lite_full,lite_steering,85.0,0.0,40.0,0.0,40,40,0.0,100.0,0.0,100.0,,,,,,,,,,,,
safe_risky,risk_06_04,4,"0.6,0.4","184,4237",runs/safe_risky_open_sae_steering_lite_full,lite_steering,90.0,0.0,40.0,0.0,40,40,0.0,100.0,0.0,100.0,,,,,,,,,,,,
safe_risky,risk_06_04,4,"0.6,0.4","184,4237",runs/safe_risky_open_sae_steering_lite_full,lite_steering,95.0,0.0,40.0,0.0,40,40,0.0,100.0,0.0,100.0,,,,,,,,,,,,
safe_risky,risk_06_04,4,"0.6,0.4","184,4237",runs/safe_risky_open_sae_steering_lite_full,lite_steering,100.0,0.0,40.0,0.0,40,40,0.0,100.0,0.0,100.0,,,,,,,,,,,,
safe_risky,risk_06_04,4,"0.6,0.4","184,4237",runs/safe_risky_open_sae_steering_lite_full,lite_steering,105.0,0.0,40.0,0.0,40,40,0.0,100.0,0.0,100.0,,,,,,,,,,,,
safe_risky,risk_06_04,4,"0.6,0.4","184,4237",runs/safe_risky_open_sae_steering_lite_full,lite_steering,110.0,0.0,40.0,0.0,40,40,0.0,100.0,0.0,100.0,,,,,,,,,,,,
safe_risky,risk_06_04,4,"0.6,0.4","184,4237",runs/safe_risky_open_sae_steering_lite_full,lite_steering,115.0,0.0,40.0,0.0,40,40,0.0,100.0,0.0,100.0,,,,,,,,,,,,
safe_risky,risk_06_04,4,"0.6,0.4","184,4237",runs/safe_risky_open_sae_steering_lite_full,lite_steering,120.0,0.0,40.0,0.0,40,40,0.0,100.0,0.0,100.0,,,,,,,,,,,,
safe_risky,risk_06_04,4,"0.6,0.4","184,4237",runs/safe_risky_open_sae_steering_lite_full,lite_steering,125.0,0.0,40.0,0.0,40,40,0.0,100.0,0.0,100.0,,,,,,,,,,,,
safe_risky,risk_06_04,4,"0.6,0.4","184,4237",runs/safe_risky_open_sae_steering_lite_full,lite_steering,130.0,0.0,40.0,0.0,40,40,0.0,100.0,0.0,100.0,,,,,,,,,,,,
safe_risky,risk_06_04,4,"0.6,0.4","184,4237",runs/safe_risky_open_sae_steering_lite_full,lite_steering,135.0,0.0,40.0,0.0,40,40,0.0,100.0,0.0,100.0,,,,,,,,,,,,
safe_risky,risk_06_04,4,"0.6,0.4","184,4237",runs/safe_risky_open_sae_steering_lite_full,lite_steering,140.0,0.0,40.0,0.0,40,40,0.0,100.0,0.0,100.0,,,,,,,,,,,,
safe_risky,risk_06_04,4,"0.6,0.4","184,4237",runs/safe_risky_open_sae_steering_lite_full,lite_steering,145.0,0.0,40.0,0.0,40,40,0.0,100.0,0.0,100.0,,,,,,,,,,,,
safe_risky,risk_06_04,4,"0.6,0.4","184,4237",runs/safe_risky_open_sae_steering_lite_full,lite_steering,150.0,0.0,40.0,0.0,40,40,0.0,100.0,0.0,100.0,,,,,,,,,,,,
safe_risky,risk_06_04,4,"0.6,0.4","184,4237",runs/safe_risky_open_sae_steering_lite_full,lite_steering,155.0,0.0,40.0,0.0,40,40,0.0,100.0,0.0,100.0,,,,,,,,,,,,
safe_risky,risk_06_04,4,"0.6,0.4","184,4237",runs/safe_risky_open_sae_steering_lite_full,lite_steering,160.0,0.0,40.0,0.0,40,40,0.0,100.0,0.0,100.0,,,,,,,,,,,,
safe_risky,risk_06_04,4,"0.6,0.4","184,4237",runs/safe_risky_open_sae_steering_lite_full,lite_steering,165.0,0.0,40.0,0.0,40,40,0.0,100.0,0.0,100.0,,,,,,,,,,,,
safe_risky,risk_06_04,4,"0.6,0.4","184,4237",runs/safe_risky_open_sae_steering_lite_full,lite_steering,170.0,0.0,40.0,0.0,40,40,0.0,100.0,0.0,100.0,,,,,,,,,,,,
safe_risky,risk_06_04,4,"0.6,0.4","184,4237",runs/safe_risky_open_sae_steering_lite_full,lite_steering,175.0,0.0,40.0,0.0,40,40,0.0,100.0,0.0,100.0,,,,,,,,,,,,
safe_risky,risk_06_04,4,"0.6,0.4","184,4237",runs/safe_risky_open_sae_steering_lite_full,lite_steering,180.0,0.0,40.0,0.0,40,40,0.0,100.0,0.0,100.0,,,,,,,,,,,,
safe_risky,risk_07_05,5,"0.7,0.5","184,4237",runs/safe_risky_open_sae_steering_full,steering,10.0,40.0,0.0,0.0,40,40,100.0,0.0,0.0,100.0,,,,,,,,,,,,
safe_risky,risk_07_05,5,"0.7,0.5","184,4237",runs/safe_risky_open_sae_steering_full,steering,15.0,40.0,0.0,0.0,40,40,100.0,0.0,0.0,100.0,,,,,,,,,,,,
safe_risky,risk_07_05,5,"0.7,0.5","184,4237",runs/safe_risky_open_sae_steering_full,steering,20.0,40.0,0.0,0.0,40,40,100.0,0.0,0.0,100.0,,,,,,,,,,,,
safe_risky,risk_07_05,5,"0.7,0.5","184,4237",runs/safe_risky_open_sae_steering_full,steering,25.0,40.0,0.0,0.0,40,40,100.0,0.0,0.0,100.0,,,,,,,,,,,,
safe_risky,risk_07_05,5,"0.7,0.5","184,4237",runs/safe_risky_open_sae_steering_full,steering,30.0,40.0,0.0,0.0,40,40,100.0,0.0,0.0,100.0,,,,,,,,,,,,
safe_risky,risk_07_05,5,"0.7,0.5","184,4237",runs/safe_risky_open_sae_steering_full,steering,35.0,40.0,0.0,0.0,40,40,100.0,0.0,0.0,100.0,,,,,,,,,,,,
safe_risky,risk_07_05,5,"0.7,0.5","184,4237",runs/safe_risky_open_sae_steering_full,steering,40.0,40.0,0.0,0.0,40,40,100.0,0.0,0.0,100.0,,,,,,,,,,,,
safe_risky,risk_07_05,5,"0.7,0.5","184,4237",runs/safe_risky_open_sae_steering_full,steering,45.0,40.0,0.0,0.0,40,40,100.0,0.0,0.0,100.0,,,,,,,,,,,,
safe_risky,risk_07_05,5,"0.7,0.5","184,4237",runs/safe_risky_open_sae_steering_full,steering,50.0,40.0,0.0,0.0,40,40,100.0,0.0,0.0,100.0,,,,,,,,,,,,
safe_risky,risk_07_05,5,"0.7,0.5","184,4237",runs/safe_risky_open_sae_steering_full,steering,55.0,40.0,0.0,0.0,40,40,100.0,0.0,0.0,100.0,,,,,,,,,,,,
safe_risky,risk_07_05,5,"0.7,0.5","184,4237",runs/safe_risky_open_sae_steering_full,steering,60.0,0.0,40.0,0.0,40,40,0.0,100.0,0.0,100.0,,,,,,,,,,,,
safe_risky,risk_07_05,5,"0.7,0.5","184,4237",runs/safe_risky_open_sae_steering_full,steering,65.0,0.0,40.0,0.0,40,40,0.0,100.0,0.0,100.0,,,,,,,,,,,,
safe_risky,risk_07_05,5,"0.7,0.5","184,4237",runs/safe_risky_open_sae_steering_full,steering,70.0,0.0,40.0,0.0,40,40,0.0,100.0,0.0,100.0,,,,,,,,,,,,
safe_risky,risk_07_05,5,"0.7,0.5","184,4237",runs/safe_risky_open_sae_steering_full,steering,75.0,0.0,40.0,0.0,40,40,0.0,100.0,0.0,100.0,,,,,,,,,,,,
safe_risky,risk_07_05,5,"0.7,0.5","184,4237",runs/safe_risky_open_sae_steering_full,steering,80.0,0.0,40.0,0.0,40,40,0.0,100.0,0.0,100.0,,,,,,,,,,,,
safe_risky,risk_07_05,5,"0.7,0.5","184,4237",runs/safe_risky_open_sae_steering_full,steering,85.0,0.0,40.0,0.0,40,40,0.0,100.0,0.0,100.0,,,,,,,,,,,,
safe_risky,risk_07_05,5,"0.7,0.5","184,4237",runs/safe_risky_open_sae_steering_full,steering,90.0,0.0,40.0,0.0,40,40,0.0,100.0,0.0,100.0,,,,,,,,,,,,
safe_risky,risk_07_05,5,"0.7,0.5","184,4237",runs/safe_risky_open_sae_steering_full,steering,95.0,0.0,40.0,0.0,40,40,0.0,100.0,0.0,100.0,,,,,,,,,,,,
safe_risky,risk_07_05,5,"0.7,0.5","184,4237",runs/safe_risky_open_sae_steering_full,steering,100.0,0.0,40.0,0.0,40,40,0.0,100.0,0.0,100.0,,,,,,,,,,,,
safe_risky,risk_07_05,5,"0.7,0.5","184,4237",runs/safe_risky_open_sae_steering_full,steering,105.0,0.0,40.0,0.0,40,40,0.0,100.0,0.0,100.0,,,,,,,,,,,,
safe_risky,risk_07_05,5,"0.7,0.5","184,4237",runs/safe_risky_open_sae_steering_full,steering,110.0,0.0,40.0,0.0,40,40,0.0,100.0,0.0,100.0,,,,,,,,,,,,
safe_risky,risk_07_05,5,"0.7,0.5","184,4237",runs/safe_risky_open_sae_steering_full,steering,115.0,0.0,40.0,0.0,40,40,0.0,100.0,0.0,100.0,,,,,,,,,,,,
safe_risky,risk_07_05,5,"0.7,0.5","184,4237",runs/safe_risky_open_sae_steering_full,steering,120.0,0.0,40.0,0.0,40,40,0.0,100.0,0.0,100.0,,,,,,,,,,,,
safe_risky,risk_07_05,5,"0.7,0.5","184,4237",runs/safe_risky_open_sae_steering_full,steering,125.0,0.0,40.0,0.0,40,40,0.0,100.0,0.0,100.0,,,,,,,,,,,,
safe_risky,risk_07_05,5,"0.7,0.5","184,4237",runs/safe_risky_open_sae_steering_full,steering,130.0,0.0,40.0,0.0,40,40,0.0,100.0,0.0,100.0,,,,,,,,,,,,
safe_risky,risk_07_05,5,"0.7,0.5","184,4237",runs/safe_risky_open_sae_steering_full,steering,135.0,0.0,40.0,0.0,40,40,0.0,100.0,0.0,100.0,,,,,,,,,,,,
safe_risky,risk_07_05,5,"0.7,0.5","184,4237",runs/safe_risky_open_sae_steering_full,steering,140.0,0.0,40.0,0.0,40,40,0.0,100.0,0.0,100.0,,,,,,,,,,,,
safe_risky,risk_07_05,5,"0.7,0.5","184,4237",runs/safe_risky_open_sae_steering_full,steering,145.0,0.0,40.0,0.0,40,40,0.0,100.0,0.0,100.0,,,,,,,,,,,,
safe_risky,risk_07_05,5,"0.7,0.5","184,4237",runs/safe_risky_open_sae_steering_full,steering,150.0,0.0,40.0,0.0,40,40,0.0,100.0,0.0,100.0,,,,,,,,,,,,
safe_risky,risk_07_05,5,"0.7,0.5","184,4237",runs/safe_risky_open_sae_steering_full,steering,155.0,0.0,40.0,0.0,40,40,0.0,100.0,0.0,100.0,,,,,,,,,,,,
safe_risky,risk_07_05,5,"0.7,0.5","184,4237",runs/safe_risky_open_sae_steering_full,steering,160.0,0.0,40.0,0.0,40,40,0.0,100.0,0.0,100.0,,,,,,,,,,,,
safe_risky,risk_07_05,5,"0.7,0.5","184,4237",runs/safe_risky_open_sae_steering_full,steering,165.0,0.0,40.0,0.0,40,40,0.0,100.0,0.0,100.0,,,,,,,,,,,,
safe_risky,risk_07_05,5,"0.7,0.5","184,4237",runs/safe_risky_open_sae_steering_full,steering,170.0,0.0,40.0,0.0,40,40,0.0,100.0,0.0,100.0,,,,,,,,,,,,
safe_risky,risk_07_05,5,"0.7,0.5","184,4237",runs/safe_risky_open_sae_steering_full,steering,175.0,0.0,40.0,0.0,40,40,0.0,100.0,0.0,100.0,,,,,,,,,,,,
safe_risky,risk_07_05,5,"0.7,0.5","184,4237",runs/safe_risky_open_sae_steering_full,steering,180.0,0.0,40.0,0.0,40,40,0.0,100.0,0.0,100.0,,,,,,,,,,,,
ultimatum,altruism_01,1,0.1,31935,runs/open_sae_dose_sweeps/full/ultimatum/altruism_01,dose_altruism_01,,,,0.0,40,40,,,0.0,100.0,10.0,0.0,40.0,0.0,100.0,,,,,,,
ultimatum,altruism_01,1,0.1,31935,runs/open_sae_dose_sweeps/full/ultimatum/altruism_01,dose_altruism_01,,,,0.0,40,40,,,0.0,100.0,15.0,0.0,40.0,0.0,100.0,,,,,,,
ultimatum,altruism_01,1,0.1,31935,runs/open_sae_dose_sweeps/full/ultimatum/altruism_01,dose_altruism_01,,,,0.0,40,40,,,0.0,100.0,20.0,40.0,0.0,100.0,0.0,,,,,,,
ultimatum,altruism_01,1,0.1,31935,runs/open_sae_dose_sweeps/full/ultimatum/altruism_01,dose_altruism_01,,,,0.0,40,40,,,0.0,100.0,25.0,40.0,0.0,100.0,0.0,,,,,,,
ultimatum,altruism_01,1,0.1,31935,runs/open_sae_dose_sweeps/full/ultimatum/altruism_01,dose_altruism_01,,,,0.0,40,40,,,0.0,100.0,30.0,40.0,0.0,100.0,0.0,,,,,,,
ultimatum,altruism_01,1,0.1,31935,runs/open_sae_dose_sweeps/full/ultimatum/altruism_01,dose_altruism_01,,,,0.0,40,40,,,0.0,100.0,35.0,40.0,0.0,100.0,0.0,,,,,,,
ultimatum,altruism_01,1,0.1,31935,runs/open_sae_dose_sweeps/full/ultimatum/altruism_01,dose_altruism_01,,,,0.0,40,40,,,0.0,100.0,40.0,40.0,0.0,100.0,0.0,,,,,,,
ultimatum,altruism_01,1,0.1,31935,runs/open_sae_dose_sweeps/full/ultimatum/altruism_01,dose_altruism_01,,,,0.0,40,40,,,0.0,100.0,45.0,40.0,0.0,100.0,0.0,,,,,,,
ultimatum,altruism_01,1,0.1,31935,runs/open_sae_dose_sweeps/full/ultimatum/altruism_01,dose_altruism_01,,,,0.0,40,40,,,0.0,100.0,50.0,40.0,0.0,100.0,0.0,,,,,,,
ultimatum,altruism_01,1,0.1,31935,runs/open_sae_dose_sweeps/full/ultimatum/altruism_01,dose_altruism_01,,,,0.0,40,40,,,0.0,100.0,55.0,40.0,0.0,100.0,0.0,,,,,,,
ultimatum,altruism_01,1,0.1,31935,runs/open_sae_dose_sweeps/full/ultimatum/altruism_01,dose_altruism_01,,,,0.0,40,40,,,0.0,100.0,60.0,40.0,0.0,100.0,0.0,,,,,,,
ultimatum,altruism_01,1,0.1,31935,runs/open_sae_dose_sweeps/full/ultimatum/altruism_01,dose_altruism_01,,,,0.0,40,40,,,0.0,100.0,65.0,40.0,0.0,100.0,0.0,,,,,,,
ultimatum,altruism_01,1,0.1,31935,runs/open_sae_dose_sweeps/full/ultimatum/altruism_01,dose_altruism_01,,,,0.0,40,40,,,0.0,100.0,70.0,40.0,0.0,100.0,0.0,,,,,,,
ultimatum,altruism_01,1,0.1,31935,runs/open_sae_dose_sweeps/full/ultimatum/altruism_01,dose_altruism_01,,,,0.0,40,40,,,0.0,100.0,75.0,40.0,0.0,100.0,0.0,,,,,,,
ultimatum,altruism_01,1,0.1,31935,runs/open_sae_dose_sweeps/full/ultimatum/altruism_01,dose_altruism_01,,,,0.0,40,40,,,0.0,100.0,80.0,40.0,0.0,100.0,0.0,,,,,,,
ultimatum,altruism_01,1,0.1,31935,runs/open_sae_dose_sweeps/full/ultimatum/altruism_01,dose_altruism_01,,,,0.0,40,40,,,0.0,100.0,85.0,40.0,0.0,100.0,0.0,,,,,,,
ultimatum,altruism_01,1,0.1,31935,runs/open_sae_dose_sweeps/full/ultimatum/altruism_01,dose_altruism_01,,,,0.0,40,40,,,0.0,100.0,90.0,40.0,0.0,100.0,0.0,,,,,,,
ultimatum,altruism_02,2,0.2,31935,runs/open_sae_dose_sweeps/full/ultimatum/altruism_02,dose_altruism_02,,,,0.0,40,40,,,0.0,100.0,10.0,0.0,40.0,0.0,100.0,,,,,,,
ultimatum,altruism_02,2,0.2,31935,runs/open_sae_dose_sweeps/full/ultimatum/altruism_02,dose_altruism_02,,,,0.0,40,40,,,0.0,100.0,15.0,0.0,40.0,0.0,100.0,,,,,,,
ultimatum,altruism_02,2,0.2,31935,runs/open_sae_dose_sweeps/full/ultimatum/altruism_02,dose_altruism_02,,,,0.0,40,40,,,0.0,100.0,20.0,40.0,0.0,100.0,0.0,,,,,,,
ultimatum,altruism_02,2,0.2,31935,runs/open_sae_dose_sweeps/full/ultimatum/altruism_02,dose_altruism_02,,,,0.0,40,40,,,0.0,100.0,25.0,40.0,0.0,100.0,0.0,,,,,,,
ultimatum,altruism_02,2,0.2,31935,runs/open_sae_dose_sweeps/full/ultimatum/altruism_02,dose_altruism_02,,,,0.0,40,40,,,0.0,100.0,30.0,40.0,0.0,100.0,0.0,,,,,,,
ultimatum,altruism_02,2,0.2,31935,runs/open_sae_dose_sweeps/full/ultimatum/altruism_02,dose_altruism_02,,,,0.0,40,40,,,0.0,100.0,35.0,40.0,0.0,100.0,0.0,,,,,,,
ultimatum,altruism_02,2,0.2,31935,runs/open_sae_dose_sweeps/full/ultimatum/altruism_02,dose_altruism_02,,,,0.0,40,40,,,0.0,100.0,40.0,40.0,0.0,100.0,0.0,,,,,,,
ultimatum,altruism_02,2,0.2,31935,runs/open_sae_dose_sweeps/full/ultimatum/altruism_02,dose_altruism_02,,,,0.0,40,40,,,0.0,100.0,45.0,40.0,0.0,100.0,0.0,,,,,,,
ultimatum,altruism_02,2,0.2,31935,runs/open_sae_dose_sweeps/full/ultimatum/altruism_02,dose_altruism_02,,,,0.0,40,40,,,0.0,100.0,50.0,40.0,0.0,100.0,0.0,,,,,,,
ultimatum,altruism_02,2,0.2,31935,runs/open_sae_dose_sweeps/full/ultimatum/altruism_02,dose_altruism_02,,,,0.0,40,40,,,0.0,100.0,55.0,40.0,0.0,100.0,0.0,,,,,,,
ultimatum,altruism_02,2,0.2,31935,runs/open_sae_dose_sweeps/full/ultimatum/altruism_02,dose_altruism_02,,,,0.0,40,40,,,0.0,100.0,60.0,40.0,0.0,100.0,0.0,,,,,,,
ultimatum,altruism_02,2,0.2,31935,runs/open_sae_dose_sweeps/full/ultimatum/altruism_02,dose_altruism_02,,,,0.0,40,40,,,0.0,100.0,65.0,40.0,0.0,100.0,0.0,,,,,,,
ultimatum,altruism_02,2,0.2,31935,runs/open_sae_dose_sweeps/full/ultimatum/altruism_02,dose_altruism_02,,,,0.0,40,40,,,0.0,100.0,70.0,40.0,0.0,100.0,0.0,,,,,,,
ultimatum,altruism_02,2,0.2,31935,runs/open_sae_dose_sweeps/full/ultimatum/altruism_02,dose_altruism_02,,,,0.0,40,40,,,0.0,100.0,75.0,40.0,0.0,100.0,0.0,,,,,,,
ultimatum,altruism_02,2,0.2,31935,runs/open_sae_dose_sweeps/full/ultimatum/altruism_02,dose_altruism_02,,,,0.0,40,40,,,0.0,100.0,80.0,40.0,0.0,100.0,0.0,,,,,,,
ultimatum,altruism_02,2,0.2,31935,runs/open_sae_dose_sweeps/full/ultimatum/altruism_02,dose_altruism_02,,,,0.0,40,40,,,0.0,100.0,85.0,40.0,0.0,100.0,0.0,,,,,,,
ultimatum,altruism_02,2,0.2,31935,runs/open_sae_dose_sweeps/full/ultimatum/altruism_02,dose_altruism_02,,,,0.0,40,40,,,0.0,100.0,90.0,40.0,0.0,100.0,0.0,,,,,,,
ultimatum,altruism_03,3,0.3,31935,runs/open_sae_dose_sweeps/full/ultimatum/altruism_03,dose_altruism_03,,,,0.0,40,40,,,0.0,100.0,10.0,0.0,40.0,0.0,100.0,,,,,,,
ultimatum,altruism_03,3,0.3,31935,runs/open_sae_dose_sweeps/full/ultimatum/altruism_03,dose_altruism_03,,,,0.0,40,40,,,0.0,100.0,15.0,0.0,40.0,0.0,100.0,,,,,,,
ultimatum,altruism_03,3,0.3,31935,runs/open_sae_dose_sweeps/full/ultimatum/altruism_03,dose_altruism_03,,,,0.0,40,40,,,0.0,100.0,20.0,40.0,0.0,100.0,0.0,,,,,,,
ultimatum,altruism_03,3,0.3,31935,runs/open_sae_dose_sweeps/full/ultimatum/altruism_03,dose_altruism_03,,,,0.0,40,40,,,0.0,100.0,25.0,40.0,0.0,100.0,0.0,,,,,,,
ultimatum,altruism_03,3,0.3,31935,runs/open_sae_dose_sweeps/full/ultimatum/altruism_03,dose_altruism_03,,,,0.0,40,40,,,0.0,100.0,30.0,40.0,0.0,100.0,0.0,,,,,,,
ultimatum,altruism_03,3,0.3,31935,runs/open_sae_dose_sweeps/full/ultimatum/altruism_03,dose_altruism_03,,,,0.0,40,40,,,0.0,100.0,35.0,40.0,0.0,100.0,0.0,,,,,,,
ultimatum,altruism_03,3,0.3,31935,runs/open_sae_dose_sweeps/full/ultimatum/altruism_03,dose_altruism_03,,,,0.0,40,40,,,0.0,100.0,40.0,40.0,0.0,100.0,0.0,,,,,,,
ultimatum,altruism_03,3,0.3,31935,runs/open_sae_dose_sweeps/full/ultimatum/altruism_03,dose_altruism_03,,,,0.0,40,40,,,0.0,100.0,45.0,40.0,0.0,100.0,0.0,,,,,,,
ultimatum,altruism_03,3,0.3,31935,runs/open_sae_dose_sweeps/full/ultimatum/altruism_03,dose_altruism_03,,,,0.0,40,40,,,0.0,100.0,50.0,40.0,0.0,100.0,0.0,,,,,,,
ultimatum,altruism_03,3,0.3,31935,runs/open_sae_dose_sweeps/full/ultimatum/altruism_03,dose_altruism_03,,,,0.0,40,40,,,0.0,100.0,55.0,40.0,0.0,100.0,0.0,,,,,,,
ultimatum,altruism_03,3,0.3,31935,runs/open_sae_dose_sweeps/full/ultimatum/altruism_03,dose_altruism_03,,,,0.0,40,40,,,0.0,100.0,60.0,40.0,0.0,100.0,0.0,,,,,,,
ultimatum,altruism_03,3,0.3,31935,runs/open_sae_dose_sweeps/full/ultimatum/altruism_03,dose_altruism_03,,,,0.0,40,40,,,0.0,100.0,65.0,40.0,0.0,100.0,0.0,,,,,,,
ultimatum,altruism_03,3,0.3,31935,runs/open_sae_dose_sweeps/full/ultimatum/altruism_03,dose_altruism_03,,,,0.0,40,40,,,0.0,100.0,70.0,40.0,0.0,100.0,0.0,,,,,,,
ultimatum,altruism_03,3,0.3,31935,runs/open_sae_dose_sweeps/full/ultimatum/altruism_03,dose_altruism_03,,,,0.0,40,40,,,0.0,100.0,75.0,40.0,0.0,100.0,0.0,,,,,,,
ultimatum,altruism_03,3,0.3,31935,runs/open_sae_dose_sweeps/full/ultimatum/altruism_03,dose_altruism_03,,,,0.0,40,40,,,0.0,100.0,80.0,40.0,0.0,100.0,0.0,,,,,,,
ultimatum,altruism_03,3,0.3,31935,runs/open_sae_dose_sweeps/full/ultimatum/altruism_03,dose_altruism_03,,,,0.0,40,40,,,0.0,100.0,85.0,40.0,0.0,100.0,0.0,,,,,,,
ultimatum,altruism_03,3,0.3,31935,runs/open_sae_dose_sweeps/full/ultimatum/altruism_03,dose_altruism_03,,,,0.0,40,40,,,0.0,100.0,90.0,40.0,0.0,100.0,0.0,,,,,,,
ultimatum,altruism_04,4,0.4,31935,runs/open_sae_dose_sweeps/full/ultimatum/altruism_04,dose_altruism_04,,,,0.0,40,40,,,0.0,100.0,10.0,0.0,40.0,0.0,100.0,,,,,,,
ultimatum,altruism_04,4,0.4,31935,runs/open_sae_dose_sweeps/full/ultimatum/altruism_04,dose_altruism_04,,,,0.0,40,40,,,0.0,100.0,15.0,0.0,40.0,0.0,100.0,,,,,,,
ultimatum,altruism_04,4,0.4,31935,runs/open_sae_dose_sweeps/full/ultimatum/altruism_04,dose_altruism_04,,,,0.0,40,40,,,0.0,100.0,20.0,40.0,0.0,100.0,0.0,,,,,,,
ultimatum,altruism_04,4,0.4,31935,runs/open_sae_dose_sweeps/full/ultimatum/altruism_04,dose_altruism_04,,,,0.0,40,40,,,0.0,100.0,25.0,40.0,0.0,100.0,0.0,,,,,,,
ultimatum,altruism_04,4,0.4,31935,runs/open_sae_dose_sweeps/full/ultimatum/altruism_04,dose_altruism_04,,,,0.0,40,40,,,0.0,100.0,30.0,40.0,0.0,100.0,0.0,,,,,,,
ultimatum,altruism_04,4,0.4,31935,runs/open_sae_dose_sweeps/full/ultimatum/altruism_04,dose_altruism_04,,,,0.0,40,40,,,0.0,100.0,35.0,40.0,0.0,100.0,0.0,,,,,,,
ultimatum,altruism_04,4,0.4,31935,runs/open_sae_dose_sweeps/full/ultimatum/altruism_04,dose_altruism_04,,,,0.0,40,40,,,0.0,100.0,40.0,40.0,0.0,100.0,0.0,,,,,,,
ultimatum,altruism_04,4,0.4,31935,runs/open_sae_dose_sweeps/full/ultimatum/altruism_04,dose_altruism_04,,,,0.0,40,40,,,0.0,100.0,45.0,40.0,0.0,100.0,0.0,,,,,,,
ultimatum,altruism_04,4,0.4,31935,runs/open_sae_dose_sweeps/full/ultimatum/altruism_04,dose_altruism_04,,,,0.0,40,40,,,0.0,100.0,50.0,40.0,0.0,100.0,0.0,,,,,,,
ultimatum,altruism_04,4,0.4,31935,runs/open_sae_dose_sweeps/full/ultimatum/altruism_04,dose_altruism_04,,,,0.0,40,40,,,0.0,100.0,55.0,40.0,0.0,100.0,0.0,,,,,,,
ultimatum,altruism_04,4,0.4,31935,runs/open_sae_dose_sweeps/full/ultimatum/altruism_04,dose_altruism_04,,,,0.0,40,40,,,0.0,100.0,60.0,40.0,0.0,100.0,0.0,,,,,,,
ultimatum,altruism_04,4,0.4,31935,runs/open_sae_dose_sweeps/full/ultimatum/altruism_04,dose_altruism_04,,,,0.0,40,40,,,0.0,100.0,65.0,40.0,0.0,100.0,0.0,,,,,,,
ultimatum,altruism_04,4,0.4,31935,runs/open_sae_dose_sweeps/full/ultimatum/altruism_04,dose_altruism_04,,,,0.0,40,40,,,0.0,100.0,70.0,40.0,0.0,100.0,0.0,,,,,,,
ultimatum,altruism_04,4,0.4,31935,runs/open_sae_dose_sweeps/full/ultimatum/altruism_04,dose_altruism_04,,,,0.0,40,40,,,0.0,100.0,75.0,40.0,0.0,100.0,0.0,,,,,,,
ultimatum,altruism_04,4,0.4,31935,runs/open_sae_dose_sweeps/full/ultimatum/altruism_04,dose_altruism_04,,,,0.0,40,40,,,0.0,100.0,80.0,40.0,0.0,100.0,0.0,,,,,,,
ultimatum,altruism_04,4,0.4,31935,runs/open_sae_dose_sweeps/full/ultimatum/altruism_04,dose_altruism_04,,,,0.0,40,40,,,0.0,100.0,85.0,40.0,0.0,100.0,0.0,,,,,,,
ultimatum,altruism_04,4,0.4,31935,runs/open_sae_dose_sweeps/full/ultimatum/altruism_04,dose_altruism_04,,,,0.0,40,40,,,0.0,100.0,90.0,40.0,0.0,100.0,0.0,,,,,,,
ultimatum,altruism_05,5,0.5,31935,runs/ultimatum_open_sae_steering_full,steering,,,,0.0,40,40,,,0.0,100.0,10.0,0.0,40.0,0.0,100.0,,,,,,,
ultimatum,altruism_05,5,0.5,31935,runs/ultimatum_open_sae_steering_full,steering,,,,0.0,40,40,,,0.0,100.0,15.0,0.0,40.0,0.0,100.0,,,,,,,
ultimatum,altruism_05,5,0.5,31935,runs/ultimatum_open_sae_steering_full,steering,,,,0.0,40,40,,,0.0,100.0,20.0,40.0,0.0,100.0,0.0,,,,,,,
ultimatum,altruism_05,5,0.5,31935,runs/ultimatum_open_sae_steering_full,steering,,,,0.0,40,40,,,0.0,100.0,25.0,40.0,0.0,100.0,0.0,,,,,,,
ultimatum,altruism_05,5,0.5,31935,runs/ultimatum_open_sae_steering_full,steering,,,,0.0,40,40,,,0.0,100.0,30.0,40.0,0.0,100.0,0.0,,,,,,,
ultimatum,altruism_05,5,0.5,31935,runs/ultimatum_open_sae_steering_full,steering,,,,0.0,40,40,,,0.0,100.0,35.0,40.0,0.0,100.0,0.0,,,,,,,
ultimatum,altruism_05,5,0.5,31935,runs/ultimatum_open_sae_steering_full,steering,,,,0.0,40,40,,,0.0,100.0,40.0,40.0,0.0,100.0,0.0,,,,,,,
ultimatum,altruism_05,5,0.5,31935,runs/ultimatum_open_sae_steering_full,steering,,,,0.0,40,40,,,0.0,100.0,45.0,40.0,0.0,100.0,0.0,,,,,,,
ultimatum,altruism_05,5,0.5,31935,runs/ultimatum_open_sae_steering_full,steering,,,,0.0,40,40,,,0.0,100.0,50.0,40.0,0.0,100.0,0.0,,,,,,,
ultimatum,altruism_05,5,0.5,31935,runs/ultimatum_open_sae_steering_full,steering,,,,0.0,40,40,,,0.0,100.0,55.0,40.0,0.0,100.0,0.0,,,,,,,
ultimatum,altruism_05,5,0.5,31935,runs/ultimatum_open_sae_steering_full,steering,,,,0.0,40,40,,,0.0,100.0,60.0,40.0,0.0,100.0,0.0,,,,,,,
ultimatum,altruism_05,5,0.5,31935,runs/ultimatum_open_sae_steering_full,steering,,,,0.0,40,40,,,0.0,100.0,65.0,40.0,0.0,100.0,0.0,,,,,,,
ultimatum,altruism_05,5,0.5,31935,runs/ultimatum_open_sae_steering_full,steering,,,,0.0,40,40,,,0.0,100.0,70.0,40.0,0.0,100.0,0.0,,,,,,,
ultimatum,altruism_05,5,0.5,31935,runs/ultimatum_open_sae_steering_full,steering,,,,0.0,40,40,,,0.0,100.0,75.0,40.0,0.0,100.0,0.0,,,,,,,
ultimatum,altruism_05,5,0.5,31935,runs/ultimatum_open_sae_steering_full,steering,,,,0.0,40,40,,,0.0,100.0,80.0,40.0,0.0,100.0,0.0,,,,,,,
ultimatum,altruism_05,5,0.5,31935,runs/ultimatum_open_sae_steering_full,steering,,,,0.0,40,40,,,0.0,100.0,85.0,40.0,0.0,100.0,0.0,,,,,,,
ultimatum,altruism_05,5,0.5,31935,runs/ultimatum_open_sae_steering_full,steering,,,,0.0,40,40,,,0.0,100.0,90.0,40.0,0.0,100.0,0.0,,,,,,,
trust,trust_02_02_01_01,1,"0.2,0.2,0.1,0.1","38558,11444,17623,39359",runs/open_sae_dose_sweeps/full/trust/trust_02_02_01_01,baseline,,,,,10,10,,,,100.0,,,,,,10.0,30.0,100.0,10.0,0.0,10.0,0.3333333333333333
trust,trust_02_02_01_01,1,"0.2,0.2,0.1,0.1","38558,11444,17623,39359",runs/open_sae_dose_sweeps/full/trust/trust_02_02_01_01,baseline,,,,,10,10,,,,100.0,,,,,,20.0,60.0,300.0,10.0,0.0,30.0,0.5
trust,trust_02_02_01_01,1,"0.2,0.2,0.1,0.1","38558,11444,17623,39359",runs/open_sae_dose_sweeps/full/trust/trust_02_02_01_01,baseline,,,,,10,10,,,,100.0,,,,,,30.0,90.0,435.0,10.0,0.0,43.5,0.4833333333333333
trust,trust_02_02_01_01,1,"0.2,0.2,0.1,0.1","38558,11444,17623,39359",runs/open_sae_dose_sweeps/full/trust/trust_02_02_01_01,baseline,,,,,10,10,,,,100.0,,,,,,40.0,120.0,400.0,10.0,0.0,40.0,0.3333333333333333
trust,trust_02_02_01_01,1,"0.2,0.2,0.1,0.1","38558,11444,17623,39359",runs/open_sae_dose_sweeps/full/trust/trust_02_02_01_01,baseline,,,,,10,10,,,,100.0,,,,,,50.0,150.0,750.0,10.0,0.0,75.0,0.5
trust,trust_02_02_01_01,1,"0.2,0.2,0.1,0.1","38558,11444,17623,39359",runs/open_sae_dose_sweeps/full/trust/trust_02_02_01_01,baseline,,,,,10,10,,,,100.0,,,,,,60.0,180.0,300.0,10.0,0.0,30.0,0.1666666666666666
trust,trust_02_02_01_01,1,"0.2,0.2,0.1,0.1","38558,11444,17623,39359",runs/open_sae_dose_sweeps/full/trust/trust_02_02_01_01,baseline,,,,,10,10,,,,100.0,,,,,,70.0,210.0,1050.0,10.0,0.0,105.0,0.5
trust,trust_02_02_01_01,1,"0.2,0.2,0.1,0.1","38558,11444,17623,39359",runs/open_sae_dose_sweeps/full/trust/trust_02_02_01_01,baseline,,,,,10,10,,,,100.0,,,,,,80.0,240.0,1200.0,10.0,0.0,120.0,0.5
trust,trust_02_02_01_01,1,"0.2,0.2,0.1,0.1","38558,11444,17623,39359",runs/open_sae_dose_sweeps/full/trust/trust_02_02_01_01,baseline,,,,,10,10,,,,100.0,,,,,,90.0,270.0,900.0,10.0,0.0,90.0,0.3333333333333333
trust,trust_02_02_01_01,1,"0.2,0.2,0.1,0.1","38558,11444,17623,39359",runs/open_sae_dose_sweeps/full/trust/trust_02_02_01_01,baseline,,,,,10,10,,,,100.0,,,,,,100.0,300.0,1400.0,10.0,0.0,140.0,0.4666666666666667
trust,trust_02_02_01_01,1,"0.2,0.2,0.1,0.1","38558,11444,17623,39359",runs/open_sae_dose_sweeps/full/trust/trust_02_02_01_01,intervention,,,,,10,10,,,,100.0,,,,,,10.0,30.0,100.0,10.0,0.0,10.0,0.3333333333333333
trust,trust_02_02_01_01,1,"0.2,0.2,0.1,0.1","38558,11444,17623,39359",runs/open_sae_dose_sweeps/full/trust/trust_02_02_01_01,intervention,,,,,10,10,,,,100.0,,,,,,20.0,60.0,300.0,10.0,0.0,30.0,0.5
trust,trust_02_02_01_01,1,"0.2,0.2,0.1,0.1","38558,11444,17623,39359",runs/open_sae_dose_sweeps/full/trust/trust_02_02_01_01,intervention,,,,,10,10,,,,100.0,,,,,,30.0,90.0,435.0,10.0,0.0,43.5,0.4833333333333333
trust,trust_02_02_01_01,1,"0.2,0.2,0.1,0.1","38558,11444,17623,39359",runs/open_sae_dose_sweeps/full/trust/trust_02_02_01_01,intervention,,,,,10,10,,,,100.0,,,,,,40.0,120.0,400.0,10.0,0.0,40.0,0.3333333333333333
trust,trust_02_02_01_01,1,"0.2,0.2,0.1,0.1","38558,11444,17623,39359",runs/open_sae_dose_sweeps/full/trust/trust_02_02_01_01,intervention,,,,,10,10,,,,100.0,,,,,,50.0,150.0,750.0,10.0,0.0,75.0,0.5
trust,trust_02_02_01_01,1,"0.2,0.2,0.1,0.1","38558,11444,17623,39359",runs/open_sae_dose_sweeps/full/trust/trust_02_02_01_01,intervention,,,,,10,10,,,,100.0,,,,,,60.0,180.0,300.0,10.0,0.0,30.0,0.1666666666666666
trust,trust_02_02_01_01,1,"0.2,0.2,0.1,0.1","38558,11444,17623,39359",runs/open_sae_dose_sweeps/full/trust/trust_02_02_01_01,intervention,,,,,10,10,,,,100.0,,,,,,70.0,210.0,1050.0,10.0,0.0,105.0,0.5
trust,trust_02_02_01_01,1,"0.2,0.2,0.1,0.1","38558,11444,17623,39359",runs/open_sae_dose_sweeps/full/trust/trust_02_02_01_01,intervention,,,,,10,10,,,,100.0,,,,,,80.0,240.0,1200.0,10.0,0.0,120.0,0.5
trust,trust_02_02_01_01,1,"0.2,0.2,0.1,0.1","38558,11444,17623,39359",runs/open_sae_dose_sweeps/full/trust/trust_02_02_01_01,intervention,,,,,10,10,,,,100.0,,,,,,90.0,270.0,900.0,10.0,0.0,90.0,0.3333333333333333
trust,trust_02_02_01_01,1,"0.2,0.2,0.1,0.1","38558,11444,17623,39359",runs/open_sae_dose_sweeps/full/trust/trust_02_02_01_01,intervention,,,,,10,10,,,,100.0,,,,,,100.0,300.0,1400.0,10.0,0.0,140.0,0.4666666666666667
trust,trust_03_03_02_02,2,"0.3,0.3,0.2,0.2","38558,11444,17623,39359",runs/open_sae_dose_sweeps/full/trust/trust_03_03_02_02,baseline,,,,,10,10,,,,100.0,,,,,,10.0,30.0,100.0,10.0,0.0,10.0,0.3333333333333333
trust,trust_03_03_02_02,2,"0.3,0.3,0.2,0.2","38558,11444,17623,39359",runs/open_sae_dose_sweeps/full/trust/trust_03_03_02_02,baseline,,,,,10,10,,,,100.0,,,,,,20.0,60.0,300.0,10.0,0.0,30.0,0.5
trust,trust_03_03_02_02,2,"0.3,0.3,0.2,0.2","38558,11444,17623,39359",runs/open_sae_dose_sweeps/full/trust/trust_03_03_02_02,baseline,,,,,10,10,,,,100.0,,,,,,30.0,90.0,405.0,10.0,0.0,40.5,0.45
trust,trust_03_03_02_02,2,"0.3,0.3,0.2,0.2","38558,11444,17623,39359",runs/open_sae_dose_sweeps/full/trust/trust_03_03_02_02,baseline,,,,,10,10,,,,100.0,,,,,,40.0,120.0,400.0,10.0,0.0,40.0,0.3333333333333333
trust,trust_03_03_02_02,2,"0.3,0.3,0.2,0.2","38558,11444,17623,39359",runs/open_sae_dose_sweeps/full/trust/trust_03_03_02_02,baseline,,,,,10,10,,,,100.0,,,,,,50.0,150.0,750.0,10.0,0.0,75.0,0.5
trust,trust_03_03_02_02,2,"0.3,0.3,0.2,0.2","38558,11444,17623,39359",runs/open_sae_dose_sweeps/full/trust/trust_03_03_02_02,baseline,,,,,10,10,,,,100.0,,,,,,60.0,180.0,300.0,10.0,0.0,30.0,0.1666666666666666
trust,trust_03_03_02_02,2,"0.3,0.3,0.2,0.2","38558,11444,17623,39359",runs/open_sae_dose_sweeps/full/trust/trust_03_03_02_02,baseline,,,,,10,10,,,,100.0,,,,,,70.0,210.0,1050.0,10.0,0.0,105.0,0.5
trust,trust_03_03_02_02,2,"0.3,0.3,0.2,0.2","38558,11444,17623,39359",runs/open_sae_dose_sweeps/full/trust/trust_03_03_02_02,baseline,,,,,10,10,,,,100.0,,,,,,80.0,240.0,1200.0,10.0,0.0,120.0,0.5
trust,trust_03_03_02_02,2,"0.3,0.3,0.2,0.2","38558,11444,17623,39359",runs/open_sae_dose_sweeps/full/trust/trust_03_03_02_02,baseline,,,,,10,10,,,,100.0,,,,,,90.0,270.0,900.0,10.0,0.0,90.0,0.3333333333333333
trust,trust_03_03_02_02,2,"0.3,0.3,0.2,0.2","38558,11444,17623,39359",runs/open_sae_dose_sweeps/full/trust/trust_03_03_02_02,baseline,,,,,10,10,,,,100.0,,,,,,100.0,300.0,1150.0,10.0,0.0,115.0,0.3833333333333333
trust,trust_03_03_02_02,2,"0.3,0.3,0.2,0.2","38558,11444,17623,39359",runs/open_sae_dose_sweeps/full/trust/trust_03_03_02_02,intervention,,,,,10,10,,,,100.0,,,,,,10.0,30.0,100.0,10.0,0.0,10.0,0.3333333333333333
trust,trust_03_03_02_02,2,"0.3,0.3,0.2,0.2","38558,11444,17623,39359",runs/open_sae_dose_sweeps/full/trust/trust_03_03_02_02,intervention,,,,,10,10,,,,100.0,,,,,,20.0,60.0,300.0,10.0,0.0,30.0,0.5
trust,trust_03_03_02_02,2,"0.3,0.3,0.2,0.2","38558,11444,17623,39359",runs/open_sae_dose_sweeps/full/trust/trust_03_03_02_02,intervention,,,,,10,10,,,,100.0,,,,,,30.0,90.0,405.0,10.0,0.0,40.5,0.45
trust,trust_03_03_02_02,2,"0.3,0.3,0.2,0.2","38558,11444,17623,39359",runs/open_sae_dose_sweeps/full/trust/trust_03_03_02_02,intervention,,,,,10,10,,,,100.0,,,,,,40.0,120.0,400.0,10.0,0.0,40.0,0.3333333333333333
trust,trust_03_03_02_02,2,"0.3,0.3,0.2,0.2","38558,11444,17623,39359",runs/open_sae_dose_sweeps/full/trust/trust_03_03_02_02,intervention,,,,,10,10,,,,100.0,,,,,,50.0,150.0,750.0,10.0,0.0,75.0,0.5
trust,trust_03_03_02_02,2,"0.3,0.3,0.2,0.2","38558,11444,17623,39359",runs/open_sae_dose_sweeps/full/trust/trust_03_03_02_02,intervention,,,,,10,10,,,,100.0,,,,,,60.0,180.0,300.0,10.0,0.0,30.0,0.1666666666666666
trust,trust_03_03_02_02,2,"0.3,0.3,0.2,0.2","38558,11444,17623,39359",runs/open_sae_dose_sweeps/full/trust/trust_03_03_02_02,intervention,,,,,10,10,,,,100.0,,,,,,70.0,210.0,1050.0,10.0,0.0,105.0,0.5
trust,trust_03_03_02_02,2,"0.3,0.3,0.2,0.2","38558,11444,17623,39359",runs/open_sae_dose_sweeps/full/trust/trust_03_03_02_02,intervention,,,,,10,10,,,,100.0,,,,,,80.0,240.0,1200.0,10.0,0.0,120.0,0.5
trust,trust_03_03_02_02,2,"0.3,0.3,0.2,0.2","38558,11444,17623,39359",runs/open_sae_dose_sweeps/full/trust/trust_03_03_02_02,intervention,,,,,10,10,,,,100.0,,,,,,90.0,270.0,900.0,10.0,0.0,90.0,0.3333333333333333
trust,trust_03_03_02_02,2,"0.3,0.3,0.2,0.2","38558,11444,17623,39359",runs/open_sae_dose_sweeps/full/trust/trust_03_03_02_02,intervention,,,,,10,10,,,,100.0,,,,,,100.0,300.0,1150.0,10.0,0.0,115.0,0.3833333333333333
trust,trust_04_04_03_03,3,"0.4,0.4,0.3,0.3","38558,11444,17623,39359",runs/trust_open_sae_steering_full,baseline,,,,,10,10,,,,100.0,,,,,,10.0,30.0,100.0,10.0,0.0,10.0,0.3333333333333333
trust,trust_04_04_03_03,3,"0.4,0.4,0.3,0.3","38558,11444,17623,39359",runs/trust_open_sae_steering_full,baseline,,,,,10,10,,,,100.0,,,,,,20.0,60.0,300.0,10.0,0.0,30.0,0.5
trust,trust_04_04_03_03,3,"0.4,0.4,0.3,0.3","38558,11444,17623,39359",runs/trust_open_sae_steering_full,baseline,,,,,10,10,,,,100.0,,,,,,30.0,90.0,405.0,10.0,0.0,40.5,0.45
trust,trust_04_04_03_03,3,"0.4,0.4,0.3,0.3","38558,11444,17623,39359",runs/trust_open_sae_steering_full,baseline,,,,,10,10,,,,100.0,,,,,,40.0,120.0,400.0,10.0,0.0,40.0,0.3333333333333333
trust,trust_04_04_03_03,3,"0.4,0.4,0.3,0.3","38558,11444,17623,39359",runs/trust_open_sae_steering_full,baseline,,,,,10,10,,,,100.0,,,,,,50.0,150.0,750.0,10.0,0.0,75.0,0.5
trust,trust_04_04_03_03,3,"0.4,0.4,0.3,0.3","38558,11444,17623,39359",runs/trust_open_sae_steering_full,baseline,,,,,10,10,,,,100.0,,,,,,60.0,180.0,300.0,10.0,0.0,30.0,0.1666666666666666
trust,trust_04_04_03_03,3,"0.4,0.4,0.3,0.3","38558,11444,17623,39359",runs/trust_open_sae_steering_full,baseline,,,,,10,10,,,,100.0,,,,,,70.0,210.0,1050.0,10.0,0.0,105.0,0.5
trust,trust_04_04_03_03,3,"0.4,0.4,0.3,0.3","38558,11444,17623,39359",runs/trust_open_sae_steering_full,baseline,,,,,10,10,,,,100.0,,,,,,80.0,240.0,1200.0,10.0,0.0,120.0,0.5
trust,trust_04_04_03_03,3,"0.4,0.4,0.3,0.3","38558,11444,17623,39359",runs/trust_open_sae_steering_full,baseline,,,,,10,10,,,,100.0,,,,,,90.0,270.0,900.0,10.0,0.0,90.0,0.3333333333333333
trust,trust_04_04_03_03,3,"0.4,0.4,0.3,0.3","38558,11444,17623,39359",runs/trust_open_sae_steering_full,baseline,,,,,10,10,,,,100.0,,,,,,100.0,300.0,1100.0,10.0,0.0,110.0,0.3666666666666666
trust,trust_04_04_03_03,3,"0.4,0.4,0.3,0.3","38558,11444,17623,39359",runs/trust_open_sae_steering_full,intervention,,,,,10,10,,,,100.0,,,,,,10.0,30.0,100.0,10.0,0.0,10.0,0.3333333333333333
trust,trust_04_04_03_03,3,"0.4,0.4,0.3,0.3","38558,11444,17623,39359",runs/trust_open_sae_steering_full,intervention,,,,,10,10,,,,100.0,,,,,,20.0,60.0,300.0,10.0,0.0,30.0,0.5
trust,trust_04_04_03_03,3,"0.4,0.4,0.3,0.3","38558,11444,17623,39359",runs/trust_open_sae_steering_full,intervention,,,,,10,10,,,,100.0,,,,,,30.0,90.0,405.0,10.0,0.0,40.5,0.45
trust,trust_04_04_03_03,3,"0.4,0.4,0.3,0.3","38558,11444,17623,39359",runs/trust_open_sae_steering_full,intervention,,,,,10,10,,,,100.0,,,,,,40.0,120.0,400.0,10.0,0.0,40.0,0.3333333333333333
trust,trust_04_04_03_03,3,"0.4,0.4,0.3,0.3","38558,11444,17623,39359",runs/trust_open_sae_steering_full,intervention,,,,,10,10,,,,100.0,,,,,,50.0,150.0,750.0,10.0,0.0,75.0,0.5
trust,trust_04_04_03_03,3,"0.4,0.4,0.3,0.3","38558,11444,17623,39359",runs/trust_open_sae_steering_full,intervention,,,,,10,10,,,,100.0,,,,,,60.0,180.0,300.0,10.0,0.0,30.0,0.1666666666666666
trust,trust_04_04_03_03,3,"0.4,0.4,0.3,0.3","38558,11444,17623,39359",runs/trust_open_sae_steering_full,intervention,,,,,10,10,,,,100.0,,,,,,70.0,210.0,1050.0,10.0,0.0,105.0,0.5
trust,trust_04_04_03_03,3,"0.4,0.4,0.3,0.3","38558,11444,17623,39359",runs/trust_open_sae_steering_full,intervention,,,,,10,10,,,,100.0,,,,,,80.0,240.0,1200.0,10.0,0.0,120.0,0.5
trust,trust_04_04_03_03,3,"0.4,0.4,0.3,0.3","38558,11444,17623,39359",runs/trust_open_sae_steering_full,intervention,,,,,10,10,,,,100.0,,,,,,90.0,270.0,900.0,10.0,0.0,90.0,0.3333333333333333
trust,trust_04_04_03_03,3,"0.4,0.4,0.3,0.3","38558,11444,17623,39359",runs/trust_open_sae_steering_full,intervention,,,,,10,10,,,,100.0,,,,,,100.0,300.0,1100.0,10.0,0.0,110.0,0.3666666666666666
trust,trust_05_05_04_04,4,"0.5,0.5,0.4,0.4","38558,11444,17623,39359",runs/open_sae_dose_sweeps/full/trust/trust_05_05_04_04,baseline,,,,,10,10,,,,100.0,,,,,,10.0,30.0,100.0,10.0,0.0,10.0,0.3333333333333333
trust,trust_05_05_04_04,4,"0.5,0.5,0.4,0.4","38558,11444,17623,39359",runs/open_sae_dose_sweeps/full/trust/trust_05_05_04_04,baseline,,,,,10,10,,,,100.0,,,,,,20.0,60.0,300.0,10.0,0.0,30.0,0.5
trust,trust_05_05_04_04,4,"0.5,0.5,0.4,0.4","38558,11444,17623,39359",runs/open_sae_dose_sweeps/full/trust/trust_05_05_04_04,baseline,,,,,10,10,,,,100.0,,,,,,30.0,90.0,360.0,10.0,0.0,36.0,0.4
trust,trust_05_05_04_04,4,"0.5,0.5,0.4,0.4","38558,11444,17623,39359",runs/open_sae_dose_sweeps/full/trust/trust_05_05_04_04,baseline,,,,,10,10,,,,100.0,,,,,,40.0,120.0,400.0,10.0,0.0,40.0,0.3333333333333333
trust,trust_05_05_04_04,4,"0.5,0.5,0.4,0.4","38558,11444,17623,39359",runs/open_sae_dose_sweeps/full/trust/trust_05_05_04_04,baseline,,,,,10,10,,,,100.0,,,,,,50.0,150.0,750.0,10.0,0.0,75.0,0.5
trust,trust_05_05_04_04,4,"0.5,0.5,0.4,0.4","38558,11444,17623,39359",runs/open_sae_dose_sweeps/full/trust/trust_05_05_04_04,baseline,,,,,10,10,,,,100.0,,,,,,60.0,180.0,300.0,10.0,0.0,30.0,0.1666666666666666
trust,trust_05_05_04_04,4,"0.5,0.5,0.4,0.4","38558,11444,17623,39359",runs/open_sae_dose_sweeps/full/trust/trust_05_05_04_04,baseline,,,,,10,10,,,,100.0,,,,,,70.0,210.0,1050.0,10.0,0.0,105.0,0.5
trust,trust_05_05_04_04,4,"0.5,0.5,0.4,0.4","38558,11444,17623,39359",runs/open_sae_dose_sweeps/full/trust/trust_05_05_04_04,baseline,,,,,10,10,,,,100.0,,,,,,80.0,240.0,1200.0,10.0,0.0,120.0,0.5
trust,trust_05_05_04_04,4,"0.5,0.5,0.4,0.4","38558,11444,17623,39359",runs/open_sae_dose_sweeps/full/trust/trust_05_05_04_04,baseline,,,,,10,10,,,,100.0,,,,,,90.0,270.0,900.0,10.0,0.0,90.0,0.3333333333333333
trust,trust_05_05_04_04,4,"0.5,0.5,0.4,0.4","38558,11444,17623,39359",runs/open_sae_dose_sweeps/full/trust/trust_05_05_04_04,baseline,,,,,10,10,,,,100.0,,,,,,100.0,300.0,1000.0,10.0,0.0,100.0,0.3333333333333333
trust,trust_05_05_04_04,4,"0.5,0.5,0.4,0.4","38558,11444,17623,39359",runs/open_sae_dose_sweeps/full/trust/trust_05_05_04_04,intervention,,,,,10,10,,,,100.0,,,,,,10.0,30.0,100.0,10.0,0.0,10.0,0.3333333333333333
trust,trust_05_05_04_04,4,"0.5,0.5,0.4,0.4","38558,11444,17623,39359",runs/open_sae_dose_sweeps/full/trust/trust_05_05_04_04,intervention,,,,,10,10,,,,100.0,,,,,,20.0,60.0,300.0,10.0,0.0,30.0,0.5
trust,trust_05_05_04_04,4,"0.5,0.5,0.4,0.4","38558,11444,17623,39359",runs/open_sae_dose_sweeps/full/trust/trust_05_05_04_04,intervention,,,,,10,10,,,,100.0,,,,,,30.0,90.0,360.0,10.0,0.0,36.0,0.4
trust,trust_05_05_04_04,4,"0.5,0.5,0.4,0.4","38558,11444,17623,39359",runs/open_sae_dose_sweeps/full/trust/trust_05_05_04_04,intervention,,,,,10,10,,,,100.0,,,,,,40.0,120.0,400.0,10.0,0.0,40.0,0.3333333333333333
trust,trust_05_05_04_04,4,"0.5,0.5,0.4,0.4","38558,11444,17623,39359",runs/open_sae_dose_sweeps/full/trust/trust_05_05_04_04,intervention,,,,,10,10,,,,100.0,,,,,,50.0,150.0,750.0,10.0,0.0,75.0,0.5
trust,trust_05_05_04_04,4,"0.5,0.5,0.4,0.4","38558,11444,17623,39359",runs/open_sae_dose_sweeps/full/trust/trust_05_05_04_04,intervention,,,,,10,10,,,,100.0,,,,,,60.0,180.0,300.0,10.0,0.0,30.0,0.1666666666666666
trust,trust_05_05_04_04,4,"0.5,0.5,0.4,0.4","38558,11444,17623,39359",runs/open_sae_dose_sweeps/full/trust/trust_05_05_04_04,intervention,,,,,10,10,,,,100.0,,,,,,70.0,210.0,1050.0,10.0,0.0,105.0,0.5
trust,trust_05_05_04_04,4,"0.5,0.5,0.4,0.4","38558,11444,17623,39359",runs/open_sae_dose_sweeps/full/trust/trust_05_05_04_04,intervention,,,,,10,10,,,,100.0,,,,,,80.0,240.0,1200.0,10.0,0.0,120.0,0.5
trust,trust_05_05_04_04,4,"0.5,0.5,0.4,0.4","38558,11444,17623,39359",runs/open_sae_dose_sweeps/full/trust/trust_05_05_04_04,intervention,,,,,10,10,,,,100.0,,,,,,90.0,270.0,900.0,10.0,0.0,90.0,0.3333333333333333
trust,trust_05_05_04_04,4,"0.5,0.5,0.4,0.4","38558,11444,17623,39359",runs/open_sae_dose_sweeps/full/trust/trust_05_05_04_04,intervention,,,,,10,10,,,,100.0,,,,,,100.0,300.0,1000.0,10.0,0.0,100.0,0.3333333333333333
trust,trust_06_06_05_05,5,"0.6,0.6,0.5,0.5","38558,11444,17623,39359",runs/open_sae_dose_sweeps/full/trust/trust_06_06_05_05,baseline,,,,,10,10,,,,100.0,,,,,,10.0,30.0,100.0,10.0,0.0,10.0,0.3333333333333333
trust,trust_06_06_05_05,5,"0.6,0.6,0.5,0.5","38558,11444,17623,39359",runs/open_sae_dose_sweeps/full/trust/trust_06_06_05_05,baseline,,,,,10,10,,,,100.0,,,,,,20.0,60.0,300.0,10.0,0.0,30.0,0.5
trust,trust_06_06_05_05,5,"0.6,0.6,0.5,0.5","38558,11444,17623,39359",runs/open_sae_dose_sweeps/full/trust/trust_06_06_05_05,baseline,,,,,10,10,,,,100.0,,,,,,30.0,90.0,345.0,10.0,0.0,34.5,0.3833333333333333
trust,trust_06_06_05_05,5,"0.6,0.6,0.5,0.5","38558,11444,17623,39359",runs/open_sae_dose_sweeps/full/trust/trust_06_06_05_05,baseline,,,,,10,10,,,,100.0,,,,,,40.0,120.0,400.0,10.0,0.0,40.0,0.3333333333333333
trust,trust_06_06_05_05,5,"0.6,0.6,0.5,0.5","38558,11444,17623,39359",runs/open_sae_dose_sweeps/full/trust/trust_06_06_05_05,baseline,,,,,10,10,,,,100.0,,,,,,50.0,150.0,750.0,10.0,0.0,75.0,0.5
trust,trust_06_06_05_05,5,"0.6,0.6,0.5,0.5","38558,11444,17623,39359",runs/open_sae_dose_sweeps/full/trust/trust_06_06_05_05,baseline,,,,,10,10,,,,100.0,,,,,,60.0,180.0,300.0,10.0,0.0,30.0,0.1666666666666666
trust,trust_06_06_05_05,5,"0.6,0.6,0.5,0.5","38558,11444,17623,39359",runs/open_sae_dose_sweeps/full/trust/trust_06_06_05_05,baseline,,,,,10,10,,,,100.0,,,,,,70.0,210.0,1050.0,10.0,0.0,105.0,0.5
trust,trust_06_06_05_05,5,"0.6,0.6,0.5,0.5","38558,11444,17623,39359",runs/open_sae_dose_sweeps/full/trust/trust_06_06_05_05,baseline,,,,,10,10,,,,100.0,,,,,,80.0,240.0,1200.0,10.0,0.0,120.0,0.5
trust,trust_06_06_05_05,5,"0.6,0.6,0.5,0.5","38558,11444,17623,39359",runs/open_sae_dose_sweeps/full/trust/trust_06_06_05_05,baseline,,,,,10,10,,,,100.0,,,,,,90.0,270.0,900.0,10.0,0.0,90.0,0.3333333333333333
trust,trust_06_06_05_05,5,"0.6,0.6,0.5,0.5","38558,11444,17623,39359",runs/open_sae_dose_sweeps/full/trust/trust_06_06_05_05,baseline,,,,,10,10,,,,100.0,,,,,,100.0,300.0,1000.0,10.0,0.0,100.0,0.3333333333333333
trust,trust_06_06_05_05,5,"0.6,0.6,0.5,0.5","38558,11444,17623,39359",runs/open_sae_dose_sweeps/full/trust/trust_06_06_05_05,intervention,,,,,10,10,,,,100.0,,,,,,10.0,30.0,100.0,10.0,0.0,10.0,0.3333333333333333
trust,trust_06_06_05_05,5,"0.6,0.6,0.5,0.5","38558,11444,17623,39359",runs/open_sae_dose_sweeps/full/trust/trust_06_06_05_05,intervention,,,,,10,10,,,,100.0,,,,,,20.0,60.0,300.0,10.0,0.0,30.0,0.5
trust,trust_06_06_05_05,5,"0.6,0.6,0.5,0.5","38558,11444,17623,39359",runs/open_sae_dose_sweeps/full/trust/trust_06_06_05_05,intervention,,,,,10,10,,,,100.0,,,,,,30.0,90.0,345.0,10.0,0.0,34.5,0.3833333333333333
trust,trust_06_06_05_05,5,"0.6,0.6,0.5,0.5","38558,11444,17623,39359",runs/open_sae_dose_sweeps/full/trust/trust_06_06_05_05,intervention,,,,,10,10,,,,100.0,,,,,,40.0,120.0,400.0,10.0,0.0,40.0,0.3333333333333333
trust,trust_06_06_05_05,5,"0.6,0.6,0.5,0.5","38558,11444,17623,39359",runs/open_sae_dose_sweeps/full/trust/trust_06_06_05_05,intervention,,,,,10,10,,,,100.0,,,,,,50.0,150.0,750.0,10.0,0.0,75.0,0.5
trust,trust_06_06_05_05,5,"0.6,0.6,0.5,0.5","38558,11444,17623,39359",runs/open_sae_dose_sweeps/full/trust/trust_06_06_05_05,intervention,,,,,10,10,,,,100.0,,,,,,60.0,180.0,300.0,10.0,0.0,30.0,0.1666666666666666
trust,trust_06_06_05_05,5,"0.6,0.6,0.5,0.5","38558,11444,17623,39359",runs/open_sae_dose_sweeps/full/trust/trust_06_06_05_05,intervention,,,,,10,10,,,,100.0,,,,,,70.0,210.0,1050.0,10.0,0.0,105.0,0.5
trust,trust_06_06_05_05,5,"0.6,0.6,0.5,0.5","38558,11444,17623,39359",runs/open_sae_dose_sweeps/full/trust/trust_06_06_05_05,intervention,,,,,10,10,,,,100.0,,,,,,80.0,240.0,1200.0,10.0,0.0,120.0,0.5
trust,trust_06_06_05_05,5,"0.6,0.6,0.5,0.5","38558,11444,17623,39359",runs/open_sae_dose_sweeps/full/trust/trust_06_06_05_05,intervention,,,,,10,10,,,,100.0,,,,,,90.0,270.0,900.0,10.0,0.0,90.0,0.3333333333333333
trust,trust_06_06_05_05,5,"0.6,0.6,0.5,0.5","38558,11444,17623,39359",runs/open_sae_dose_sweeps/full/trust/trust_06_06_05_05,intervention,,,,,10,10,,,,100.0,,,,,,100.0,300.0,1000.0,10.0,0.0,100.0,0.3333333333333333
