task,condition,reward,rank,feature_index,mean_activation,std_activation,nonzero_count,n_response_units,feature_label
ultimatum_response,baseline,10,1,60228,5.66328125,1.0834670077284005,40,40,"artificial intelligence, such as, due to"
ultimatum_response,baseline,10,2,31084,5.2546875,2.848404072760526,31,40,willing to
ultimatum_response,baseline,10,3,58909,4.20234375,0.4812392196438673,40,40,fair and
ultimatum_response,baseline,10,4,24257,4.16953125,0.42743086406421776,40,40,guesses out of
ultimatum_response,baseline,10,5,29461,4.03203125,0.5690906217310101,40,40,better financial offers
ultimatum_response,baseline,10,6,50689,3.676953125,0.33712340642872934,40,40,maximum limit payoff
ultimatum_response,baseline,10,7,5546,3.55,0.6457512128569721,40,40,fair distribution
ultimatum_response,baseline,10,8,32595,3.501171875,0.04383188486547062,40,40,ratios and scores
ultimatum_response,baseline,10,9,10313,3.4666015625,0.5183786188849696,40,40,"refusal, rejection, denied"
ultimatum_response,baseline,10,10,28895,3.296875,0.0,40,40,explanation or reason
ultimatum_response,baseline,15,1,60228,6.35078125,0.16864688689965207,40,40,"artificial intelligence, such as, due to"
ultimatum_response,baseline,15,2,38746,4.84453125,0.7757458451135497,39,40,does not
ultimatum_response,baseline,15,3,24257,4.5,0.0,40,40,guesses out of
ultimatum_response,baseline,15,4,20797,4.03125,0.0,40,40,expressing apparent states or perceptions
ultimatum_response,baseline,15,5,5546,3.9640625,0.9315579922735624,40,40,fair distribution
ultimatum_response,baseline,15,6,58909,3.917578125,0.34451242685259026,40,40,fair and
ultimatum_response,baseline,15,7,50689,3.858984375,0.15552517427730245,40,40,maximum limit payoff
ultimatum_response,baseline,15,8,1369,3.805419921875,0.5538646666247937,40,40,distribution of wealth and power
ultimatum_response,baseline,15,9,29461,3.759375,0.31167469143523646,40,40,better financial offers
ultimatum_response,baseline,15,10,32595,3.59375,0.0,40,40,ratios and scores
ultimatum_response,baseline,20,1,60228,6.575,0.29221674318901575,40,40,"artificial intelligence, such as, due to"
ultimatum_response,baseline,20,2,31084,4.34140625,3.0266426607543937,27,40,willing to
ultimatum_response,baseline,20,3,58909,4.1265625,0.5005343824041931,40,40,fair and
ultimatum_response,baseline,20,4,29461,4.026953125,0.5360193484785354,40,40,better financial offers
ultimatum_response,baseline,20,5,20797,3.969140625,0.02195507108810804,40,40,expressing apparent states or perceptions
ultimatum_response,baseline,20,6,50689,3.739453125,0.13618814446698838,40,40,maximum limit payoff
ultimatum_response,baseline,20,7,5546,3.59296875,0.7882727328578536,40,40,fair distribution
ultimatum_response,baseline,20,8,37960,3.5203125,3.026522973412518,23,40,words starting with dis
ultimatum_response,baseline,20,9,10313,3.4953125,0.16095266918803156,40,40,"refusal, rejection, denied"
ultimatum_response,baseline,20,10,32595,3.46328125,0.08001998651703171,40,40,ratios and scores
ultimatum_response,baseline,25,1,60228,5.90390625,1.3979553550828017,39,40,"artificial intelligence, such as, due to"
ultimatum_response,baseline,25,2,31084,5.6640625,1.8883606016115546,36,40,willing to
ultimatum_response,baseline,25,3,37960,5.34765625,2.022362618702056,35,40,words starting with dis
ultimatum_response,baseline,25,4,26699,4.34375,0.0,40,40,making a choice
ultimatum_response,baseline,25,5,58909,4.1765625,0.28679856688754096,40,40,fair and
ultimatum_response,baseline,25,6,38771,3.9796875,1.505305558422857,35,40,expressing feelings or opinions
ultimatum_response,baseline,25,7,50689,3.782421875,0.12843842666180919,40,40,maximum limit payoff
ultimatum_response,baseline,25,8,29461,3.778125,0.7296322918086887,40,40,better financial offers
ultimatum_response,baseline,25,9,24356,3.734375,0.0,40,40,explaining a reason
ultimatum_response,baseline,25,10,13411,3.6828125,1.2322479696042312,36,40,give up / give way
ultimatum_response,baseline,30,1,31084,6.14765625,0.9848705969686764,39,40,willing to
ultimatum_response,baseline,30,2,37960,6.0234375,0.9702294650461559,39,40,words starting with dis
ultimatum_response,baseline,30,3,60228,5.490234375,1.3842889694452292,40,40,"artificial intelligence, such as, due to"
ultimatum_response,baseline,30,4,38771,4.5,0.7281987623581903,39,40,expressing feelings or opinions
ultimatum_response,baseline,30,5,26699,4.3125,0.0,40,40,making a choice
ultimatum_response,baseline,30,6,58909,4.236328125,0.3252700857166385,40,40,fair and
ultimatum_response,baseline,30,7,13411,4.0359375,0.6602389925956726,39,40,give up / give way
ultimatum_response,baseline,30,8,54073,3.871875,0.6204049836598666,39,40,approval of
ultimatum_response,baseline,30,9,29461,3.83671875,0.788295961210595,40,40,better financial offers
ultimatum_response,baseline,30,10,50689,3.81015625,0.09866974092110543,40,40,maximum limit payoff
ultimatum_response,baseline,35,1,60228,5.821875,0.9881178842248518,40,40,"artificial intelligence, such as, due to"
ultimatum_response,baseline,35,2,26699,4.415625,0.15752603951409527,40,40,making a choice
ultimatum_response,baseline,35,3,50689,3.958203125,0.2827302085904698,40,40,maximum limit payoff
ultimatum_response,baseline,35,4,58909,3.756640625,0.3955299472972711,40,40,fair and
ultimatum_response,baseline,35,5,29461,3.701953125,0.32201126325349166,40,40,better financial offers
ultimatum_response,baseline,35,6,20797,3.6453125,0.4940589421124241,40,40,expressing apparent states or perceptions
ultimatum_response,baseline,35,7,10313,3.480859375,0.22260793061228495,40,40,"refusal, rejection, denied"
ultimatum_response,baseline,35,8,19310,3.462890625,0.5200647812618963,40,40,rejected or denied
ultimatum_response,baseline,35,9,24356,3.45625,0.4725781185423215,40,40,explaining a reason
ultimatum_response,baseline,35,10,238,3.38984375,1.573924832983714,40,40,accept and its forms
ultimatum_response,baseline,40,1,26699,4.5078125,0.15128841196122722,40,40,making a choice
ultimatum_response,baseline,40,2,11391,4.084765625,3.0363176218781422,40,40,if ... were statements
ultimatum_response,baseline,40,3,50689,4.083203125,0.39721607360586536,40,40,maximum limit payoff
ultimatum_response,baseline,40,4,19310,3.775,0.49275512903215957,40,40,rejected or denied
ultimatum_response,baseline,40,5,29461,3.685546875,0.41994912702267806,40,40,better financial offers
ultimatum_response,baseline,40,6,10313,3.60546875,0.21511346706084478,40,40,"refusal, rejection, denied"
ultimatum_response,baseline,40,7,60228,3.47412109375,2.1365299790035777,31,40,"artificial intelligence, such as, due to"
ultimatum_response,baseline,40,8,58909,3.321337890625,0.8045581587756768,40,40,fair and
ultimatum_response,baseline,40,9,50372,3.31328125,0.2764112845782281,40,40,numbers in arithmetic expressions
ultimatum_response,baseline,40,10,15122,3.1984375,2.7497829282224715,23,40,compared to or with
ultimatum_response,baseline,45,1,11391,6.27421875,1.0289151480253078,39,40,if ... were statements
ultimatum_response,baseline,45,2,15122,4.978125,1.659374999999998,36,40,compared to or with
ultimatum_response,baseline,45,3,26699,4.53984375,0.7269567982510616,39,40,making a choice
ultimatum_response,baseline,45,4,50689,4.3609375,0.079041499187108,40,40,maximum limit payoff
ultimatum_response,baseline,45,5,19310,4.1390625,0.3967611795447634,40,40,rejected or denied
ultimatum_response,baseline,45,6,60228,4.0986328125,0.659545037641286,40,40,"artificial intelligence, such as, due to"
ultimatum_response,baseline,45,7,29461,3.9640625,0.08372142702887692,40,40,better financial offers
ultimatum_response,baseline,45,8,238,3.896484375,0.23174797259681557,40,40,accept and its forms
ultimatum_response,baseline,45,9,36182,3.8296875,0.6135852152767788,39,40,linking words after punctuation
ultimatum_response,baseline,45,10,10313,3.762890625,0.09295808105799747,40,40,"refusal, rejection, denied"
ultimatum_response,baseline,50,1,26699,4.65625,0.0,40,40,making a choice
ultimatum_response,baseline,50,2,11391,4.034613037109375,3.0813578772895953,40,40,if ... were statements
ultimatum_response,baseline,50,3,238,3.9375,0.0,40,40,accept and its forms
ultimatum_response,baseline,50,4,29461,3.897265625,0.27797326224204205,40,40,better financial offers
ultimatum_response,baseline,50,5,60228,3.809619140625,3.156810476187087,31,40,"artificial intelligence, such as, due to"
ultimatum_response,baseline,50,6,50689,3.794921875,0.3778406003688721,40,40,maximum limit payoff
ultimatum_response,baseline,50,7,24356,3.7859375,0.40915726557003484,40,40,explaining a reason
ultimatum_response,baseline,50,8,19310,3.649609375,0.6854095304015233,40,40,rejected or denied
ultimatum_response,baseline,50,9,6412,3.56484375,1.0222891338766094,38,40,better comparisons and improvements
ultimatum_response,baseline,50,10,36182,3.4796875,1.3154691119045714,35,40,linking words after punctuation
ultimatum_response,baseline,55,1,26699,4.65625,0.0,40,40,making a choice
ultimatum_response,baseline,55,2,50689,4.39453125,0.15079339329339594,40,40,maximum limit payoff
ultimatum_response,baseline,55,3,36182,4.03046875,0.043910142176256536,40,40,linking words after punctuation
ultimatum_response,baseline,55,4,29461,3.925390625,0.33743285464886824,40,40,better financial offers
ultimatum_response,baseline,55,5,238,3.921875,0.0,40,40,accept and its forms
ultimatum_response,baseline,55,6,24356,3.623046875,0.5190838945677375,40,40,explaining a reason
ultimatum_response,baseline,55,7,19310,3.5900390625,0.7340029549188409,40,40,rejected or denied
ultimatum_response,baseline,55,8,1617,3.36796875,0.11502961150693425,40,40,detecting still
ultimatum_response,baseline,55,9,10313,3.227197265625,0.9269782473265984,40,40,"refusal, rejection, denied"
ultimatum_response,baseline,55,10,13951,3.191796875,0.2687088336022082,40,40,sum of products for game outcomes
ultimatum_response,baseline,60,1,11391,6.45234375,0.11180066926651099,40,40,if ... were statements
ultimatum_response,baseline,60,2,60228,5.7515625,2.3311164715445365,40,40,"artificial intelligence, such as, due to"
ultimatum_response,baseline,60,3,26699,4.65625,0.0,40,40,making a choice
ultimatum_response,baseline,60,4,28802,4.453125,1.3992010834311843,40,40,contrast conjunctions like while or although
ultimatum_response,baseline,60,5,50689,4.36875,0.12484365222147098,40,40,maximum limit payoff
ultimatum_response,baseline,60,6,19310,4.2296875,0.0511345880373702,40,40,rejected or denied
ultimatum_response,baseline,60,7,29461,4.205078125,0.32369003388598494,40,40,better financial offers
ultimatum_response,baseline,60,8,36182,3.9515625,0.031210913055364185,40,40,linking words after punctuation
ultimatum_response,baseline,60,9,238,3.90625,0.0,40,40,accept and its forms
ultimatum_response,baseline,60,10,6412,3.82109375,0.4973556784620401,40,40,better comparisons and improvements
ultimatum_response,baseline,65,1,26699,4.625,0.0,40,40,making a choice
ultimatum_response,baseline,65,2,50689,4.35625,0.11456439237389042,40,40,maximum limit payoff
ultimatum_response,baseline,65,3,36182,3.996875,0.04296164714018371,40,40,linking words after punctuation
ultimatum_response,baseline,65,4,238,3.921875,0.0,40,40,accept and its forms
ultimatum_response,baseline,65,5,29461,3.798828125,0.3829589563593715,40,40,better financial offers
ultimatum_response,baseline,65,6,11391,3.66778564453125,3.088596462985374,40,40,if ... were statements
ultimatum_response,baseline,65,7,19310,3.616796875,0.9080194706782777,40,40,rejected or denied
ultimatum_response,baseline,65,8,18259,3.41171875,0.26335310592138295,40,40,"comparisons with ""than"""
ultimatum_response,baseline,65,9,1617,3.269921875,0.14071123657906243,40,40,detecting still
ultimatum_response,baseline,65,10,28802,3.2390625,0.007160274523229572,40,40,contrast conjunctions like while or although
ultimatum_response,baseline,70,1,27146,4.64609375,2.6918150995700723,30,40,both parties' interests
ultimatum_response,baseline,70,2,26699,4.625,0.0,40,40,making a choice
ultimatum_response,baseline,70,3,50689,4.42890625,0.1002894979468926,40,40,maximum limit payoff
ultimatum_response,baseline,70,4,29461,4.094140625,0.15438288741870904,40,40,better financial offers
ultimatum_response,baseline,70,5,36182,3.985546875,0.026002248813554646,40,40,linking words after punctuation
ultimatum_response,baseline,70,6,238,3.90625,0.0,40,40,accept and its forms
ultimatum_response,baseline,70,7,60228,3.877734375,1.811842847935558,40,40,"artificial intelligence, such as, due to"
ultimatum_response,baseline,70,8,5107,3.81328125,2.267805927672369,30,40,result in outcomes
ultimatum_response,baseline,70,9,24356,3.710546875,0.4755623149292413,40,40,explaining a reason
ultimatum_response,baseline,70,10,19310,3.6765625,0.3708461344934708,40,40,rejected or denied
ultimatum_response,baseline,75,1,26699,4.625,0.0,40,40,making a choice
ultimatum_response,baseline,75,2,50689,4.387109375,0.1424571404501641,40,40,maximum limit payoff
ultimatum_response,baseline,75,3,36182,3.981640625,0.022340881590384543,40,40,linking words after punctuation
ultimatum_response,baseline,75,4,29461,3.97578125,0.09832272574761203,40,40,better financial offers
ultimatum_response,baseline,75,5,27146,3.92890625,3.0433391943962538,25,40,both parties' interests
ultimatum_response,baseline,75,6,238,3.890625,0.0,40,40,accept and its forms
ultimatum_response,baseline,75,7,19310,3.6515625,0.44118426387111825,40,40,rejected or denied
ultimatum_response,baseline,75,8,24356,3.569921875,0.5504790560612731,40,40,explaining a reason
ultimatum_response,baseline,75,9,10313,3.436328125,0.23307942699240627,40,40,"refusal, rejection, denied"
ultimatum_response,baseline,75,10,1617,3.34921875,0.15462238212719076,40,40,detecting still
ultimatum_response,baseline,80,1,27146,5.71640625,1.6444210176832554,37,40,both parties' interests
ultimatum_response,baseline,80,2,26699,4.625,0.0,40,40,making a choice
ultimatum_response,baseline,80,3,5107,4.6140625,1.3905117580296644,37,40,result in outcomes
ultimatum_response,baseline,80,4,50689,4.45859375,0.06532203130212606,40,40,maximum limit payoff
ultimatum_response,baseline,80,5,3578,4.115576171875,1.209945302743706,39,40,presence of any
ultimatum_response,baseline,80,6,29461,4.01328125,0.2151361646398248,40,40,better financial offers
ultimatum_response,baseline,80,7,36182,3.977734375,0.020636685846730545,40,40,linking words after punctuation
ultimatum_response,baseline,80,8,238,3.921875,0.0,40,40,accept and its forms
ultimatum_response,baseline,80,9,24356,3.866796875,0.30022752399156966,40,40,explaining a reason
ultimatum_response,baseline,80,10,14161,3.7984375,0.8784238259341268,38,40,significant impact or contribution
ultimatum_response,baseline,85,1,26699,4.625,0.0,40,40,making a choice
ultimatum_response,baseline,85,2,27146,4.54609375,2.6455112659745823,30,40,both parties' interests
ultimatum_response,baseline,85,3,50689,4.4328125,0.08372142702887692,40,40,maximum limit payoff
ultimatum_response,baseline,85,4,29461,4.00546875,0.09214445499288955,40,40,better financial offers
ultimatum_response,baseline,85,5,36182,3.989453125,0.019574171588114225,40,40,linking words after punctuation
ultimatum_response,baseline,85,6,5107,3.9828125,2.0224080392798456,32,40,result in outcomes
ultimatum_response,baseline,85,7,238,3.921875,0.0,40,40,accept and its forms
ultimatum_response,baseline,85,8,24356,3.72265625,0.4820097239926149,40,40,explaining a reason
ultimatum_response,baseline,85,9,19310,3.5671875,0.35017434273872594,40,40,rejected or denied
ultimatum_response,baseline,85,10,1617,3.4625,0.1314173040832191,40,40,detecting still
ultimatum_response,baseline,90,1,27146,4.81640625,2.2396374599806186,33,40,both parties' interests
ultimatum_response,baseline,90,2,26699,4.59375,0.0,40,40,making a choice
ultimatum_response,baseline,90,3,5107,4.46953125,2.101867281570351,33,40,result in outcomes
ultimatum_response,baseline,90,4,50689,4.40546875,0.0879695825893233,40,40,maximum limit payoff
ultimatum_response,baseline,90,5,36182,3.994921875,0.021363295177900248,40,40,linking words after punctuation
ultimatum_response,baseline,90,6,238,3.9375,0.0,40,40,accept and its forms
ultimatum_response,baseline,90,7,29461,3.87890625,0.11030574961640874,40,40,better financial offers
ultimatum_response,baseline,90,8,24356,3.758984375,0.4215260058216878,40,40,explaining a reason
ultimatum_response,baseline,90,9,14161,3.5625,1.2094597838497978,36,40,significant impact or contribution
ultimatum_response,baseline,90,10,19310,3.462109375,0.37667087878907657,40,40,rejected or denied
ultimatum_response,prompting,10,1,60228,4.951513671875,2.7094230757587163,33,40,"artificial intelligence, such as, due to"
ultimatum_response,prompting,10,2,26699,4.396875,0.12888494142064072,40,40,making a choice
ultimatum_response,prompting,10,3,58909,4.253955078125,0.807368874252144,40,40,fair and
ultimatum_response,prompting,10,4,5546,4.10078125,0.9609244790784492,40,40,fair distribution
ultimatum_response,prompting,10,5,50689,3.878515625,0.2812388778182804,40,40,maximum limit payoff
ultimatum_response,prompting,10,6,29461,3.85625,0.47946350633416135,40,40,better financial offers
ultimatum_response,prompting,10,7,31084,3.7774120330810548,3.0884789887823616,25,40,willing to
ultimatum_response,prompting,10,8,24356,3.70546875,0.013327126647778837,40,40,explaining a reason
ultimatum_response,prompting,10,9,49787,3.4546875,4.460153170978969,15,40,lack of
ultimatum_response,prompting,10,10,37960,3.45078125,3.1217005042261725,22,40,words starting with dis
ultimatum_response,prompting,15,1,60228,5.5869384765625,2.1184022746102635,39,40,"artificial intelligence, such as, due to"
ultimatum_response,prompting,15,2,26699,4.5125,0.13778379803154914,40,40,making a choice
ultimatum_response,prompting,15,3,58909,4.062109375,0.5829767645103705,40,40,fair and
ultimatum_response,prompting,15,4,50689,4.055859375,0.3257894464646402,40,40,maximum limit payoff
ultimatum_response,prompting,15,5,5107,3.9,3.9013419165717838,20,40,result in outcomes
ultimatum_response,prompting,15,6,5546,3.8375,0.537279660506286,40,40,fair distribution
ultimatum_response,prompting,15,7,24257,3.762890625,0.9377401222434903,40,40,guesses out of
ultimatum_response,prompting,15,8,24356,3.7515625,0.0231228884171197,40,40,explaining a reason
ultimatum_response,prompting,15,9,29461,3.67109375,0.25946322859354987,40,40,better financial offers
ultimatum_response,prompting,15,10,27146,3.4828125,2.8685640428564168,24,40,both parties' interests
ultimatum_response,prompting,20,1,60228,5.996875,2.8833776334619157,37,40,"artificial intelligence, such as, due to"
ultimatum_response,prompting,20,2,27146,5.3560546875,1.3398504549531562,39,40,both parties' interests
ultimatum_response,prompting,20,3,5107,4.9453125,3.6453145092150487,26,40,result in outcomes
ultimatum_response,prompting,20,4,26699,4.625,0.0,40,40,making a choice
ultimatum_response,prompting,20,5,238,4.35859375,0.8603967647390591,40,40,accept and its forms
ultimatum_response,prompting,20,6,50689,4.273046875,0.2927965639840362,40,40,maximum limit payoff
ultimatum_response,prompting,20,7,32499,3.9328125,2.2826895072958897,30,40,aligned with something
ultimatum_response,prompting,20,8,36182,3.890625,0.0,40,40,linking words after punctuation
ultimatum_response,prompting,20,9,29461,3.787890625,0.14744269858230963,40,40,better financial offers
ultimatum_response,prompting,20,10,24356,3.753515625,0.006524723862734992,40,40,explaining a reason
ultimatum_response,prompting,25,1,27146,5.66328125,0.7132341851942359,40,40,both parties' interests
ultimatum_response,prompting,25,2,60228,5.6578125,1.6501205862659698,39,40,"artificial intelligence, such as, due to"
ultimatum_response,prompting,25,3,5107,5.2828125,3.673602984362729,27,40,result in outcomes
ultimatum_response,prompting,25,4,26699,4.65625,0.0,40,40,making a choice
ultimatum_response,prompting,25,5,32499,4.50078125,1.9089438892908652,34,40,aligned with something
ultimatum_response,prompting,25,6,50689,4.258984375,0.23865589144516705,40,40,maximum limit payoff
ultimatum_response,prompting,25,7,238,4.0703125,0.6443015689246391,40,40,accept and its forms
ultimatum_response,prompting,25,8,36182,3.921875,0.0,40,40,linking words after punctuation
ultimatum_response,prompting,25,9,8867,3.87305908203125,3.344961407713048,27,40,degree or extent
ultimatum_response,prompting,25,10,29461,3.8671875,0.2794648205722866,40,40,better financial offers
ultimatum_response,prompting,30,1,60228,6.932421875,2.1603148605309492,39,40,"artificial intelligence, such as, due to"
ultimatum_response,prompting,30,2,5107,6.11015625,3.056962368250292,32,40,result in outcomes
ultimatum_response,prompting,30,3,27146,5.802734375,0.34740049405763057,40,40,both parties' interests
ultimatum_response,prompting,30,4,26699,4.625,0.0,40,40,making a choice
ultimatum_response,prompting,30,5,50689,4.40703125,0.2535381947773109,40,40,maximum limit payoff
ultimatum_response,prompting,30,6,32499,4.40625,1.855286997677179,34,40,aligned with something
ultimatum_response,prompting,30,7,238,4.393359375,0.8078207166833073,40,40,accept and its forms
ultimatum_response,prompting,30,8,17389,4.3609375,2.1806136025425844,32,40,well-being and wellness
ultimatum_response,prompting,30,9,36182,4.00859375,0.3779982677601623,40,40,linking words after punctuation
ultimatum_response,prompting,30,10,24356,3.81328125,0.022357950033173115,40,40,explaining a reason
ultimatum_response,prompting,35,1,5107,6.55625,2.757413657419755,34,40,result in outcomes
ultimatum_response,prompting,35,2,60228,5.996875,1.8456796046781794,39,40,"artificial intelligence, such as, due to"
ultimatum_response,prompting,35,3,27146,5.789117813110352,1.0595406074232248,40,40,both parties' interests
ultimatum_response,prompting,35,4,238,4.84453125,0.9658345115551294,40,40,accept and its forms
ultimatum_response,prompting,35,5,26699,4.65625,0.0,40,40,making a choice
ultimatum_response,prompting,35,6,17389,4.4962890625,2.0335923900152735,34,40,well-being and wellness
ultimatum_response,prompting,35,7,32499,4.4796875,1.8893144993207858,34,40,aligned with something
ultimatum_response,prompting,35,8,50689,4.40703125,0.15522908662984597,40,40,maximum limit payoff
ultimatum_response,prompting,35,9,12745,4.058203125,0.864056760689572,40,40,leaving or exiting
ultimatum_response,prompting,35,10,36182,3.96875,0.0,40,40,linking words after punctuation
ultimatum_response,prompting,40,1,60228,6.8360107421875,2.818978891045166,39,40,"artificial intelligence, such as, due to"
ultimatum_response,prompting,40,2,27146,5.659375,0.7160121087270458,40,40,both parties' interests
ultimatum_response,prompting,40,3,5107,5.4734375,3.392982691227403,29,40,result in outcomes
ultimatum_response,prompting,40,4,238,4.86796875,0.9766434341462269,40,40,accept and its forms
ultimatum_response,prompting,40,5,26699,4.625,0.0,40,40,making a choice
ultimatum_response,prompting,40,6,50689,4.2546875,0.24819170230640153,40,40,maximum limit payoff
ultimatum_response,prompting,40,7,12745,4.086328125,1.0270985775655193,40,40,leaving or exiting
ultimatum_response,prompting,40,8,32499,3.95625,2.288086929483887,30,40,aligned with something
ultimatum_response,prompting,40,9,36182,3.94609375,0.007773339352358906,40,40,linking words after punctuation
ultimatum_response,prompting,40,10,13743,3.8828125,2.551402704732977,28,40,"even if, even when"
ultimatum_response,prompting,45,1,5107,6.95703125,2.0250830362508445,37,40,result in outcomes
ultimatum_response,prompting,45,2,60228,6.52578125,1.1826151069603927,40,40,"artificial intelligence, such as, due to"
ultimatum_response,prompting,45,3,27146,5.7703125,0.47252645428588685,40,40,both parties' interests
ultimatum_response,prompting,45,4,17389,4.790625,1.7089771874848851,37,40,well-being and wellness
ultimatum_response,prompting,45,5,32499,4.78046875,1.5977353281163118,36,40,aligned with something
ultimatum_response,prompting,45,6,26699,4.65625,0.0,40,40,making a choice
ultimatum_response,prompting,45,7,238,4.473828125,0.9039463413483747,40,40,accept and its forms
ultimatum_response,prompting,45,8,50689,4.40234375,0.1570195891192822,40,40,maximum limit payoff
ultimatum_response,prompting,45,9,34388,4.321875,1.0140901864479301,38,40,perfect
ultimatum_response,prompting,45,10,45326,4.300390625,1.0346445521845793,38,40,equal opportunity and representation
ultimatum_response,prompting,50,1,60228,6.3078125,2.3219354593407084,36,40,"artificial intelligence, such as, due to"
ultimatum_response,prompting,50,2,27146,5.66875,0.4540292701192333,40,40,both parties' interests
ultimatum_response,prompting,50,3,5107,4.81875,3.73965500163451,25,40,result in outcomes
ultimatum_response,prompting,50,4,26699,4.65625,0.0,40,40,making a choice
ultimatum_response,prompting,50,5,58909,4.655078125,0.9598341448882496,40,40,fair and
ultimatum_response,prompting,50,6,238,4.06875,0.4609878150504676,40,40,accept and its forms
ultimatum_response,prompting,50,7,36182,3.9875,0.015309310892445917,40,40,linking words after punctuation
ultimatum_response,prompting,50,8,50689,3.985546875,0.19366138031267785,40,40,maximum limit payoff
ultimatum_response,prompting,50,9,24356,3.95625,0.015309310892445917,40,40,explaining a reason
ultimatum_response,prompting,50,10,2075,3.934375,0.022963966338572183,40,40,valuing experiences and people
ultimatum_response,prompting,55,1,5107,7.403125,1.2871775991971723,39,40,result in outcomes
ultimatum_response,prompting,55,2,27146,6.0265625,0.2884114289409404,40,40,both parties' interests
ultimatum_response,prompting,55,3,238,5.55390625,0.8795636430346818,40,40,accept and its forms
ultimatum_response,prompting,55,4,60228,5.46953125,0.7840103578467164,40,40,"artificial intelligence, such as, due to"
ultimatum_response,prompting,55,5,17389,4.8171875,1.7695000342169385,36,40,well-being and wellness
ultimatum_response,prompting,55,6,26699,4.65625,0.0,40,40,making a choice
ultimatum_response,prompting,55,7,32499,4.6015625,1.9424552309432386,34,40,aligned with something
ultimatum_response,prompting,55,8,12745,4.3935546875,0.907023658687817,40,40,leaving or exiting
ultimatum_response,prompting,55,9,50689,4.3453125,0.14602479990568587,40,40,maximum limit payoff
ultimatum_response,prompting,55,10,18626,4.24052734375,0.7443835148936866,40,40,parties involved
ultimatum_response,prompting,60,1,5107,7.30390625,1.2118794219716904,39,40,result in outcomes
ultimatum_response,prompting,60,2,60228,6.4005859375,1.4702846739321962,40,40,"artificial intelligence, such as, due to"
ultimatum_response,prompting,60,3,27146,5.92890625,0.17497035184122656,40,40,both parties' interests
ultimatum_response,prompting,60,4,17389,5.1896484375,1.11203876320768,39,40,well-being and wellness
ultimatum_response,prompting,60,5,238,4.83828125,1.015886685037235,40,40,accept and its forms
ultimatum_response,prompting,60,6,26699,4.65625,0.0,40,40,making a choice
ultimatum_response,prompting,60,7,34388,4.5046875,0.7214470457654885,39,40,perfect
ultimatum_response,prompting,60,8,50689,4.444140625,0.2449910189481127,40,40,maximum limit payoff
ultimatum_response,prompting,60,9,18626,4.398046875,0.1586913762019041,40,40,parties involved
ultimatum_response,prompting,60,10,45326,4.334375,0.9943738214952189,38,40,equal opportunity and representation
ultimatum_response,prompting,65,1,5107,7.30234375,1.732929965303974,38,40,result in outcomes
ultimatum_response,prompting,65,2,27146,5.99921875,0.21633572858161865,40,40,both parties' interests
ultimatum_response,prompting,65,3,60228,5.5455078125,1.185192411873116,40,40,"artificial intelligence, such as, due to"
ultimatum_response,prompting,65,4,32499,5.50546875,1.6941259888836278,37,40,aligned with something
ultimatum_response,prompting,65,5,17389,5.2044921875,1.0300858093368592,40,40,well-being and wellness
ultimatum_response,prompting,65,6,26699,4.625,0.0,40,40,making a choice
ultimatum_response,prompting,65,7,50689,4.39921875,0.2276630060768198,40,40,maximum limit payoff
ultimatum_response,prompting,65,8,18626,4.3157958984375,0.6593492507426676,40,40,parties involved
ultimatum_response,prompting,65,9,12745,4.2537109375,0.9840338997002482,40,40,leaving or exiting
ultimatum_response,prompting,65,10,238,4.25234375,0.7638495837031278,40,40,accept and its forms
ultimatum_response,prompting,70,1,5107,7.5171875,1.2997323567637864,39,40,result in outcomes
ultimatum_response,prompting,70,2,60228,6.578125,1.3179759280332095,40,40,"artificial intelligence, such as, due to"
ultimatum_response,prompting,70,3,27146,6.05390625,0.16056350658987972,40,40,both parties' interests
ultimatum_response,prompting,70,4,32499,5.446875,1.3934521823065886,38,40,aligned with something
ultimatum_response,prompting,70,5,17389,5.0775390625,1.3150042811567015,39,40,well-being and wellness
ultimatum_response,prompting,70,6,238,4.686328125,0.9537420357987831,40,40,accept and its forms
ultimatum_response,prompting,70,7,26699,4.625,0.0,40,40,making a choice
ultimatum_response,prompting,70,8,12745,4.398828125,0.9206161127742729,40,40,leaving or exiting
ultimatum_response,prompting,70,9,50689,4.38046875,0.1885242208203864,40,40,maximum limit payoff
ultimatum_response,prompting,70,10,18626,4.35703125,0.316816863194945,40,40,parties involved
ultimatum_response,prompting,75,1,5107,7.6515625,0.31565207185880106,40,40,result in outcomes
ultimatum_response,prompting,75,2,60228,6.23984375,0.556451311008822,40,40,"artificial intelligence, such as, due to"
ultimatum_response,prompting,75,3,27146,5.8640625,0.06425276623423191,40,40,both parties' interests
ultimatum_response,prompting,75,4,17389,5.34697265625,0.7461218128618761,40,40,well-being and wellness
ultimatum_response,prompting,75,5,32499,5.33671875,0.07858846900744465,40,40,aligned with something
ultimatum_response,prompting,75,6,14329,4.9828125,1.8840789309285193,35,40,beginning
ultimatum_response,prompting,75,7,20877,4.9499267578125,1.893601827678988,40,40,reciprocity and commonality
ultimatum_response,prompting,75,8,41186,4.8421875,1.8314066432577867,35,40,at first
ultimatum_response,prompting,75,9,12745,4.630078125,0.20283595720953973,40,40,leaving or exiting
ultimatum_response,prompting,75,10,26699,4.625,0.0,40,40,making a choice
ultimatum_response,prompting,80,1,5107,7.42890625,1.7780122369231437,38,40,result in outcomes
ultimatum_response,prompting,80,2,27146,5.9953125,0.19572456531756777,40,40,both parties' interests
ultimatum_response,prompting,80,3,60228,5.65546875,1.2219207052673016,40,40,"artificial intelligence, such as, due to"
ultimatum_response,prompting,80,4,17389,4.9552734375,1.5394815592836808,38,40,well-being and wellness
ultimatum_response,prompting,80,5,12745,4.8673828125,0.6312033154438036,40,40,leaving or exiting
ultimatum_response,prompting,80,6,32499,4.6859375,1.9898049478450779,34,40,aligned with something
ultimatum_response,prompting,80,7,26699,4.625,0.0,40,40,making a choice
ultimatum_response,prompting,80,8,238,4.4234375,0.7642829436594445,40,40,accept and its forms
ultimatum_response,prompting,80,9,50689,4.3015625,0.1112671159586156,40,40,maximum limit payoff
ultimatum_response,prompting,80,10,18626,4.22568359375,0.6651057335683976,40,40,parties involved
ultimatum_response,prompting,85,1,5107,7.353125,1.330479530564073,39,40,result in outcomes
ultimatum_response,prompting,85,2,27146,6.06796875,0.23142808809852375,40,40,both parties' interests
ultimatum_response,prompting,85,3,60228,4.95712890625,1.1989640811060975,40,40,"artificial intelligence, such as, due to"
ultimatum_response,prompting,85,4,17389,4.8814453125,1.5792422247183908,40,40,well-being and wellness
ultimatum_response,prompting,85,5,238,4.844921875,0.8650550039807363,40,40,accept and its forms
ultimatum_response,prompting,85,6,32499,4.73515625,1.7960730207590214,35,40,aligned with something
ultimatum_response,prompting,85,7,26699,4.625,0.0,40,40,making a choice
ultimatum_response,prompting,85,8,12745,4.476953125,0.654060591664383,40,40,leaving or exiting
ultimatum_response,prompting,85,9,50689,4.36953125,0.10934988550951044,40,40,maximum limit payoff
ultimatum_response,prompting,85,10,18626,4.2621826171875,0.6855890240441367,40,40,parties involved
ultimatum_response,prompting,90,1,5107,6.653125,2.1106454507448658,37,40,result in outcomes
ultimatum_response,prompting,90,2,27146,5.9046875,0.27465799045131534,40,40,both parties' interests
ultimatum_response,prompting,90,3,60228,5.25654296875,1.599212771704103,40,40,"artificial intelligence, such as, due to"
ultimatum_response,prompting,90,4,32499,5.11640625,1.5148836379482884,37,40,aligned with something
ultimatum_response,prompting,90,5,26699,4.59375,0.0,40,40,making a choice
ultimatum_response,prompting,90,6,238,4.54609375,0.6656318771651772,40,40,accept and its forms
ultimatum_response,prompting,90,7,12745,4.298046875,0.7384477118884999,40,40,leaving or exiting
ultimatum_response,prompting,90,8,50689,4.2875,0.0983754764918748,40,40,maximum limit payoff
ultimatum_response,prompting,90,9,17389,4.18173828125,2.1487123381557947,40,40,well-being and wellness
ultimatum_response,prompting,90,10,41235,4.06953125,1.2376980093321186,37,40,aligning/alignment with
ultimatum_response,steering,10,1,31084,6.609375,0.36356255909402796,40,40,willing to
ultimatum_response,steering,10,2,5546,4.531640625,0.7248340285172111,40,40,fair distribution
ultimatum_response,steering,10,3,24257,4.39453125,0.9042998278839485,39,40,guesses out of
ultimatum_response,steering,10,4,26699,4.3125,0.0,40,40,making a choice
ultimatum_response,steering,10,5,58909,4.278515625,0.28950320079661873,40,40,fair and
ultimatum_response,steering,10,6,50689,4.171484375,0.1676864451781401,40,40,maximum limit payoff
ultimatum_response,steering,10,7,49787,3.865625,4.734566827796921,16,40,lack of
ultimatum_response,steering,10,8,29461,3.58515625,0.6218764722030313,40,40,better financial offers
ultimatum_response,steering,10,9,32595,3.576953125,0.5936614602981715,39,40,ratios and scores
ultimatum_response,steering,10,10,24356,3.481640625,0.1536854976168372,40,40,explaining a reason
ultimatum_response,steering,15,1,31084,6.6421875,0.33945829433635544,40,40,willing to
ultimatum_response,steering,15,2,5546,4.675,1.1343588583562303,40,40,fair distribution
ultimatum_response,steering,15,3,58909,4.4359375,0.2606098241984568,40,40,fair and
ultimatum_response,steering,15,4,26699,4.34375,0.0,40,40,making a choice
ultimatum_response,steering,15,5,50689,4.216796875,0.2699145259491606,40,40,maximum limit payoff
ultimatum_response,steering,15,6,29461,4.048046875,0.552983601056225,40,40,better financial offers
ultimatum_response,steering,15,7,24257,3.958544921875,0.8452215276197116,40,40,guesses out of
ultimatum_response,steering,15,8,24356,3.58203125,0.16641725315734995,40,40,explaining a reason
ultimatum_response,steering,15,9,19310,3.4625,0.8867913654187499,40,40,rejected or denied
ultimatum_response,steering,15,10,32595,3.359375,0.8263763968185142,39,40,ratios and scores
ultimatum_response,steering,20,1,31084,6.85234375,0.4950924935286708,40,40,willing to
ultimatum_response,steering,20,2,58909,4.3859375,0.2644782230520167,40,40,fair and
ultimatum_response,steering,20,3,5546,4.3234375,1.2393402904242037,40,40,fair distribution
ultimatum_response,steering,20,4,26699,4.3125,0.0,40,40,making a choice
ultimatum_response,steering,20,5,29461,4.194921875,0.5966007581285896,40,40,better financial offers
ultimatum_response,steering,20,6,50689,4.09453125,0.13100563188633396,40,40,maximum limit payoff
ultimatum_response,steering,20,7,24356,3.517578125,0.14372399136316585,40,40,explaining a reason
ultimatum_response,steering,20,8,12931,3.3046875,0.030257682392245445,40,40,believe that
ultimatum_response,steering,20,9,28895,3.296875,0.0,40,40,explanation or reason
ultimatum_response,steering,20,10,184,3.209765625,0.7337005504991341,40,40,sacrifice for or at
ultimatum_response,steering,25,1,31084,6.646875,0.30810978664269373,40,40,willing to
ultimatum_response,steering,25,2,58909,4.44375,0.2549509756796487,40,40,fair and
ultimatum_response,steering,25,3,26699,4.34375,0.0,40,40,making a choice
ultimatum_response,steering,25,4,50689,4.115625,0.16222181717868758,40,40,maximum limit payoff
ultimatum_response,steering,25,5,29461,4.053125,0.5429412088338885,40,40,better financial offers
ultimatum_response,steering,25,6,5546,3.94140625,1.0833137706066223,40,40,fair distribution
ultimatum_response,steering,25,7,24356,3.57109375,0.14769344769550477,40,40,explaining a reason
ultimatum_response,steering,25,8,28895,3.296875,0.0,40,40,explanation or reason
ultimatum_response,steering,25,9,12931,3.2953125,0.015546678704774941,40,40,believe that
ultimatum_response,steering,25,10,20625,3.1578125,0.03198357732885063,40,40,self and personal attributes
ultimatum_response,steering,30,1,31084,6.61171875,0.261632448457637,40,40,willing to
ultimatum_response,steering,30,2,58909,4.51796875,0.2618190106465537,40,40,fair and
ultimatum_response,steering,30,3,26699,4.3125,0.0,40,40,making a choice
ultimatum_response,steering,30,4,5546,4.226171875,1.0190745954079412,40,40,fair distribution
ultimatum_response,steering,30,5,50689,4.1234375,0.14438548392672101,40,40,maximum limit payoff
ultimatum_response,steering,30,6,29461,3.9,0.48171902874627165,40,40,better financial offers
ultimatum_response,steering,30,7,24356,3.609375,0.15546678704790937,40,40,explaining a reason
ultimatum_response,steering,30,8,28895,3.296875,0.0,40,40,explanation or reason
ultimatum_response,steering,30,9,12931,3.2828125,0.01554667870483207,40,40,believe that
ultimatum_response,steering,30,10,42532,3.2783203125,1.369640308135473,40,40,what
ultimatum_response,steering,35,1,11391,5.38212890625,1.9842157999892869,40,40,if ... were statements
ultimatum_response,steering,35,2,26699,4.61328125,0.11368462664730662,40,40,making a choice
ultimatum_response,steering,35,3,50689,4.37890625,0.2246076766240121,40,40,maximum limit payoff
ultimatum_response,steering,35,4,19310,3.92734375,0.3462894480574578,40,40,rejected or denied
ultimatum_response,steering,35,5,29461,3.879296875,0.08178814423318218,40,40,better financial offers
ultimatum_response,steering,35,6,10313,3.753515625,0.16996407521954543,40,40,"refusal, rejection, denied"
ultimatum_response,steering,35,7,24356,3.548828125,0.08784721150019148,40,40,explaining a reason
ultimatum_response,steering,35,8,18259,3.5015625,1.3664498009783423,35,40,"comparisons with ""than"""
ultimatum_response,steering,35,9,28802,3.45546875,0.6685195097833252,40,40,contrast conjunctions like while or although
ultimatum_response,steering,35,10,36182,3.404296875,1.286703274326334,35,40,linking words after punctuation
ultimatum_response,steering,40,1,11391,6.40625,0.0,40,40,if ... were statements
ultimatum_response,steering,40,2,50689,4.66796875,0.2170342872357672,40,40,maximum limit payoff
ultimatum_response,steering,40,3,26699,4.625,0.0,40,40,making a choice
ultimatum_response,steering,40,4,19310,4.209375,0.028125000000085897,40,40,rejected or denied
ultimatum_response,steering,40,5,55407,3.96328125,0.9653831993978793,38,40,making a decision
ultimatum_response,steering,40,6,36182,3.875,0.0,40,40,linking words after punctuation
ultimatum_response,steering,40,7,29461,3.8125,0.046875,40,40,better financial offers
ultimatum_response,steering,40,8,10313,3.75625,0.01874999999996779,40,40,"refusal, rejection, denied"
ultimatum_response,steering,40,9,24356,3.5625,0.0,40,40,explaining a reason
ultimatum_response,steering,40,10,21030,3.5560546875,1.1201785892063403,39,40,gain and loss
ultimatum_response,steering,45,1,11391,6.35,0.21300491484939765,40,40,if ... were statements
ultimatum_response,steering,45,2,26699,4.65625,0.0,40,40,making a choice
ultimatum_response,steering,45,3,50689,4.471875,0.1921049111163075,40,40,maximum limit payoff
ultimatum_response,steering,45,4,19310,4.18828125,0.14014457866676905,40,40,rejected or denied
ultimatum_response,steering,45,5,36182,3.921875,0.0,40,40,linking words after punctuation
ultimatum_response,steering,45,6,5546,3.89609375,1.0366074733045958,40,40,fair distribution
ultimatum_response,steering,45,7,29461,3.813671875,0.06595781492447228,40,40,better financial offers
ultimatum_response,steering,45,8,10313,3.7640625,0.032551041649986366,40,40,"refusal, rejection, denied"
ultimatum_response,steering,45,9,24356,3.609375,0.0,40,40,explaining a reason
ultimatum_response,steering,45,10,18259,3.56640625,0.36162255740403804,40,40,"comparisons with ""than"""
ultimatum_response,steering,50,1,60228,5.690625,1.783438896311002,37,40,"artificial intelligence, such as, due to"
ultimatum_response,steering,50,2,26699,4.65625,0.0,40,40,making a choice
ultimatum_response,steering,50,3,50689,4.11796875,0.09256741103614598,40,40,maximum limit payoff
ultimatum_response,steering,50,4,11782,4.101904296875,2.189056698711803,33,40,"the one, cause, subject, role"
ultimatum_response,steering,50,5,24356,3.8125,0.0,40,40,explaining a reason
ultimatum_response,steering,50,6,18259,3.6130859375,0.6705701070683443,40,40,"comparisons with ""than"""
ultimatum_response,steering,50,7,29461,3.50390625,0.4910919105915285,40,40,better financial offers
ultimatum_response,steering,50,8,5546,3.4609375,0.5630422733352266,40,40,fair distribution
ultimatum_response,steering,50,9,53784,3.2690673828125,0.9698250985384049,40,40,equal parts or ratios
ultimatum_response,steering,50,10,3217,3.2345703125,0.529980351785621,40,40,is better
ultimatum_response,steering,55,1,60228,7.375,0.0,40,40,"artificial intelligence, such as, due to"
ultimatum_response,steering,55,2,11391,6.375,0.0,40,40,if ... were statements
ultimatum_response,steering,55,3,26699,4.65625,0.0,40,40,making a choice
ultimatum_response,steering,55,4,20484,4.4328125,0.02043233879788516,40,40,providing...with
ultimatum_response,steering,55,5,50689,4.25,0.0,40,40,maximum limit payoff
ultimatum_response,steering,55,6,12423,4.1875,0.0,40,40,split the file
ultimatum_response,steering,55,7,19310,4.03125,0.0,40,40,rejected or denied
ultimatum_response,steering,55,8,36182,3.96875,0.0,40,40,linking words after punctuation
ultimatum_response,steering,55,9,1369,3.9375,0.0,40,40,distribution of wealth and power
ultimatum_response,steering,55,10,43132,3.9375,0.0,40,40,phrases starting with examples or clauses
ultimatum_response,steering,60,1,11391,6.4359375,0.00975780937267226,40,40,if ... were statements
ultimatum_response,steering,60,2,26699,4.65625,0.0,40,40,making a choice
ultimatum_response,steering,60,3,55407,4.3203125,0.9997497245404718,38,40,making a decision
ultimatum_response,steering,60,4,50689,4.2734375,0.1446895248238448,40,40,maximum limit payoff
ultimatum_response,steering,60,5,19310,4.2265625,0.062009796353076345,40,40,rejected or denied
ultimatum_response,steering,60,6,5546,3.9921875,1.0813753088515337,40,40,fair distribution
ultimatum_response,steering,60,7,36182,3.921875,0.0,40,40,linking words after punctuation
ultimatum_response,steering,60,8,29461,3.78828125,0.024193535261285464,40,40,better financial offers
ultimatum_response,steering,60,9,10313,3.71953125,0.004878904686154086,40,40,"refusal, rejection, denied"
ultimatum_response,steering,60,10,24356,3.71875,0.0,40,40,explaining a reason
ultimatum_response,steering,65,1,60228,7.22109375,0.9432929745006029,40,40,"artificial intelligence, such as, due to"
ultimatum_response,steering,65,2,11391,6.378125,0.013621559198648065,40,40,if ... were statements
ultimatum_response,steering,65,3,26699,4.625,0.0,40,40,making a choice
ultimatum_response,steering,65,4,50689,4.25,0.0,40,40,maximum limit payoff
ultimatum_response,steering,65,5,20484,4.2375,0.9727437837118273,38,40,providing...with
ultimatum_response,steering,65,6,19310,4.040625,0.04086467759568338,40,40,rejected or denied
ultimatum_response,steering,65,7,36182,3.984375,0.0,40,40,linking words after punctuation
ultimatum_response,steering,65,8,12423,3.9484375,0.9058336867045467,38,40,split the file
ultimatum_response,steering,65,9,45326,3.91953125,0.12599942258672625,40,40,equal opportunity and representation
ultimatum_response,steering,65,10,1369,3.8056640625,0.7108751206750903,40,40,distribution of wealth and power
ultimatum_response,steering,70,1,11391,6.39921875,0.022629294309174718,40,40,if ... were statements
ultimatum_response,steering,70,2,60228,6.110546875,1.6843662580217265,40,40,"artificial intelligence, such as, due to"
ultimatum_response,steering,70,3,26699,4.625,0.0,40,40,making a choice
ultimatum_response,steering,70,4,50689,4.40546875,0.24069474435670837,40,40,maximum limit payoff
ultimatum_response,steering,70,5,19310,4.05859375,0.059369859974885406,40,40,rejected or denied
ultimatum_response,steering,70,6,36182,3.9375,0.0,40,40,linking words after punctuation
ultimatum_response,steering,70,7,29461,3.787109375,0.03625665011738854,40,40,better financial offers
ultimatum_response,steering,70,8,24356,3.71875,0.0,40,40,explaining a reason
ultimatum_response,steering,70,9,10313,3.715625,0.015309310892387901,40,40,"refusal, rejection, denied"
ultimatum_response,steering,70,10,5546,3.55,0.7077900796669883,40,40,fair distribution
ultimatum_response,steering,75,1,11391,6.4171875,0.036005370693126204,40,40,if ... were statements
ultimatum_response,steering,75,2,60228,5.025,1.8152619043129832,40,40,"artificial intelligence, such as, due to"
ultimatum_response,steering,75,3,26699,4.625,0.0,40,40,making a choice
ultimatum_response,steering,75,4,50689,4.39921875,0.20100911194752685,40,40,maximum limit payoff
ultimatum_response,steering,75,5,19310,4.0890625,0.08516700046820695,40,40,rejected or denied
ultimatum_response,steering,75,6,36182,3.9375,0.0,40,40,linking words after punctuation
ultimatum_response,steering,75,7,29461,3.78515625,0.03418805701099647,40,40,better financial offers
ultimatum_response,steering,75,8,24356,3.71875,0.0,40,40,explaining a reason
ultimatum_response,steering,75,9,10313,3.70390625,0.0077733393522446455,40,40,"refusal, rejection, denied"
ultimatum_response,steering,75,10,21030,3.4412109375,1.4119297057855213,37,40,gain and loss
ultimatum_response,steering,80,1,11391,6.25859375,0.1748307635927747,40,40,if ... were statements
ultimatum_response,steering,80,2,26699,4.625,0.0,40,40,making a choice
ultimatum_response,steering,80,3,50689,4.253125,0.14300076485810234,40,40,maximum limit payoff
ultimatum_response,steering,80,4,19310,4.0765625,0.12654320840627006,40,40,rejected or denied
ultimatum_response,steering,80,5,36182,3.921875,0.0,40,40,linking words after punctuation
ultimatum_response,steering,80,6,29461,3.743359375,0.07302807244639758,40,40,better financial offers
ultimatum_response,steering,80,7,24356,3.734375,0.0,40,40,explaining a reason
ultimatum_response,steering,80,8,5546,3.722265625,1.1152873236117167,40,40,fair distribution
ultimatum_response,steering,80,9,10313,3.7015625,0.030418628646771917,40,40,"refusal, rejection, denied"
ultimatum_response,steering,80,10,18259,3.346484375,0.10665636330750614,40,40,"comparisons with ""than"""
ultimatum_response,steering,85,1,11391,6.3609375,0.12731259204705245,40,40,if ... were statements
ultimatum_response,steering,85,2,60228,5.444140625,1.969750760960059,37,40,"artificial intelligence, such as, due to"
ultimatum_response,steering,85,3,26699,4.625,0.0,40,40,making a choice
ultimatum_response,steering,85,4,50689,4.42890625,0.20834488900243664,40,40,maximum limit payoff
ultimatum_response,steering,85,5,19310,4.02578125,0.05396283262291537,40,40,rejected or denied
ultimatum_response,steering,85,6,36182,3.96875,0.0,40,40,linking words after punctuation
ultimatum_response,steering,85,7,21030,3.796875,1.1270705771767355,37,40,gain and loss
ultimatum_response,steering,85,8,29461,3.787890625,0.0424884376505356,40,40,better financial offers
ultimatum_response,steering,85,9,24356,3.734375,0.0,40,40,explaining a reason
ultimatum_response,steering,85,10,10313,3.69140625,0.012475562048933485,40,40,"refusal, rejection, denied"
ultimatum_response,steering,90,1,11391,5.091656494140625,2.3297587895423417,40,40,if ... were statements
ultimatum_response,steering,90,2,26699,4.59375,0.0,40,40,making a choice
ultimatum_response,steering,90,3,50689,4.26640625,0.15857450622163996,40,40,maximum limit payoff
ultimatum_response,steering,90,4,36182,3.953125,0.0,40,40,linking words after punctuation
ultimatum_response,steering,90,5,19310,3.896875,0.34687499999999877,40,40,rejected or denied
ultimatum_response,steering,90,6,60228,3.828515625,2.1187666720744307,34,40,"artificial intelligence, such as, due to"
ultimatum_response,steering,90,7,24356,3.71875,0.0,40,40,explaining a reason
ultimatum_response,steering,90,8,29461,3.694140625,0.09096699344533407,40,40,better financial offers
ultimatum_response,steering,90,9,10313,3.60234375,0.0952964894339567,40,40,"refusal, rejection, denied"
ultimatum_response,steering,90,10,5546,3.34453125,0.7095879188997212,40,40,fair distribution
